-- --------------------------------------------------------
-- Host:                         127.0.0.1
-- Server version:               8.0.35 - MySQL Community Server - GPL
-- Server OS:                    Win64
-- HeidiSQL Version:             12.6.0.6765
-- --------------------------------------------------------

/*!40101 SET @OLD_CHARACTER_SET_CLIENT=@@CHARACTER_SET_CLIENT */;
/*!40101 SET NAMES utf8 */;
/*!50503 SET NAMES utf8mb4 */;
/*!40103 SET @OLD_TIME_ZONE=@@TIME_ZONE */;
/*!40103 SET TIME_ZONE='+00:00' */;
/*!40014 SET @OLD_FOREIGN_KEY_CHECKS=@@FOREIGN_KEY_CHECKS, FOREIGN_KEY_CHECKS=0 */;
/*!40101 SET @OLD_SQL_MODE=@@SQL_MODE, SQL_MODE='NO_AUTO_VALUE_ON_ZERO' */;
/*!40111 SET @OLD_SQL_NOTES=@@SQL_NOTES, SQL_NOTES=0 */;


-- Dumping database structure for anyksciaibus
CREATE DATABASE IF NOT EXISTS `anyksciaibus` /*!40100 DEFAULT CHARACTER SET utf8mb4 COLLATE utf8mb4_0900_ai_ci */ /*!80016 DEFAULT ENCRYPTION='N' */;
USE `anyksciaibus`;

-- Dumping structure for table anyksciaibus.bus_stop
CREATE TABLE IF NOT EXISTS `bus_stop` (
  `id` bigint NOT NULL AUTO_INCREMENT,
  `coords` varchar(255) DEFAULT NULL,
  `default_option` bit(1) NOT NULL,
  `name` varchar(255) DEFAULT NULL,
  PRIMARY KEY (`id`)
) ENGINE=InnoDB AUTO_INCREMENT=201 DEFAULT CHARSET=utf8mb4 COLLATE=utf8mb4_0900_ai_ci;

-- Dumping data for table anyksciaibus.bus_stop: ~194 rows (approximately)
INSERT INTO `bus_stop` (`id`, `coords`, `default_option`, `name`) VALUES
	(1, NULL, b'1', 'Anykščių AS'),
	(2, NULL, b'0', 'Techn. mokykla'),
	(3, NULL, b'0', 'Šeimyniškiai'),
	(4, NULL, b'0', 'Ažuožeriai'),
	(5, NULL, b'0', 'Pagiriai'),
	(6, NULL, b'0', 'Dabužiai'),
	(7, NULL, b'0', 'Vėjeliškiai'),
	(8, NULL, b'0', 'Vikonys'),
	(9, NULL, b'0', 'Pagojė'),
	(10, NULL, b'0', 'Latava'),
	(11, 'Prie Andrioniškių', b'0', 'Mokinių st. v.'),
	(12, NULL, b'1', 'Andrioniškis'),
	(13, NULL, b'0', 'Zabelynė'),
	(14, NULL, b'0', 'Padvarninkai'),
	(15, NULL, b'0', 'Didžiuliškiai'),
	(16, NULL, b'0', 'Nemeiriai'),
	(17, NULL, b'0', 'Viešintos'),
	(18, NULL, b'0', 'Paežeriai'),
	(19, NULL, b'0', 'Balčiūniškis'),
	(20, NULL, b'0', 'Skudai'),
	(21, NULL, b'0', 'Papiliai'),
	(22, NULL, b'0', 'Pelyšėlės'),
	(23, NULL, b'0', 'Surdegis'),
	(24, NULL, b'0', 'Vaivadiškiai'),
	(25, NULL, b'0', 'Zaviesiškis'),
	(26, NULL, b'0', 'Bebrūnai'),
	(27, NULL, b'1', 'Kavarskas'),
	(28, NULL, b'0', 'Pajudinys'),
	(29, NULL, b'0', 'Paberžė'),
	(30, NULL, b'0', 'Šeriai'),
	(31, 'Prie Šerių/Kavarsko', b'0', 'Mokinių st. v.'),
	(32, NULL, b'0', 'Pravydžiai'),
	(33, NULL, b'0', 'A. Baranausko a.'),
	(34, NULL, b'0', 'Poliklinika'),
	(35, NULL, b'0', 'Anykščių MSV'),
	(36, 'Prie Puntuko', b'0', 'Katlėriai'),
	(37, NULL, b'1', 'Puntukas'),
	(38, NULL, b'0', 'Gražumynas'),
	(39, NULL, b'0', 'Šližiai'),
	(40, NULL, b'0', 'Pavirinčiai'),
	(41, NULL, b'0', 'Kurkliai'),
	(42, NULL, b'0', 'Moliakalnis'),
	(43, 'užsuka į gyv.', b'0', 'Staškūniškis'),
	(44, NULL, b'0', 'Kurkliai I k'),
	(45, NULL, b'0', 'Kurkliai II k'),
	(46, NULL, b'0', 'Janušava'),
	(47, NULL, b'0', 'Gintaras'),
	(48, NULL, b'0', 'Girininkija'),
	(49, NULL, b'0', 'Pienionys'),
	(50, NULL, b'0', 'Malgažatava'),
	(51, 'Prie Repšėnų', b'0', 'Mokinių st. v.'),
	(52, NULL, b'0', 'Repšėnai'),
	(53, NULL, b'0', 'Degionys'),
	(54, NULL, b'0', 'Pusbačkiai'),
	(55, NULL, b'0', 'Surdaugiai'),
	(56, NULL, b'0', 'Traupis'),
	(57, NULL, b'0', 'Janapolis'),
	(58, NULL, b'0', 'Levaniškiai'),
	(59, NULL, b'0', 'Vėžiškiai'),
	(60, NULL, b'0', 'Raguvos kr.'),
	(61, NULL, b'0', 'Raguva'),
	(62, NULL, b'0', 'Šlavėnai'),
	(63, NULL, b'0', 'Lukošiškiai'),
	(64, NULL, b'0', 'Pavajai'),
	(65, NULL, b'0', 'Kurkleliai'),
	(66, 'užsuka', b'0', 'Desiukiškiai'),
	(67, NULL, b'0', 'Adomava'),
	(68, NULL, b'0', 'J. Biliūno gimn.'),
	(69, NULL, b'0', 'A. Vienuolio prog.'),
	(70, NULL, b'0', 'Keblonys'),
	(71, NULL, b'0', 'Žažumbris'),
	(72, NULL, b'0', 'Bičionys'),
	(73, NULL, b'0', 'Burbiškis'),
	(74, NULL, b'0', 'Rubikių ež.'),
	(75, NULL, b'0', 'Šiauliai'),
	(76, NULL, b'0', 'Rubikių plyt.'),
	(77, NULL, b'0', 'Rubikių gyv.'),
	(78, NULL, b'0', 'J. Biliūno g.'),
	(79, NULL, b'0', 'Pasmodai'),
	(80, NULL, b'0', 'Girelė'),
	(81, NULL, b'0', 'Karčiai'),
	(82, NULL, b'0', 'Kalnuočiai'),
	(83, NULL, b'0', 'Pajuostė'),
	(84, NULL, b'0', 'Troškūnų g. st.'),
	(85, NULL, b'1', 'Troškūnai'),
	(86, NULL, b'0', 'Vaidlonys'),
	(87, NULL, b'0', 'Mileikiškiai'),
	(88, NULL, b'0', 'Juostininkai'),
	(89, NULL, b'0', 'Rūkiškis'),
	(90, NULL, b'0', 'Jackagalys II'),
	(91, NULL, b'0', 'Jackagalys I'),
	(92, NULL, b'0', 'Raguvėlė'),
	(93, NULL, b'0', 'Nibragalys'),
	(94, NULL, b'0', 'Budrionys'),
	(95, NULL, b'0', 'Nevėžis'),
	(96, NULL, b'0', 'Gitėnai'),
	(97, NULL, b'0', 'Miežiškiai'),
	(98, NULL, b'0', 'Kelias į Pučekus'),
	(99, NULL, b'0', 'Steponiškiai'),
	(100, NULL, b'0', 'Liūdynė'),
	(101, NULL, b'0', 'Velžys'),
	(102, NULL, b'0', 'Staniūnai'),
	(103, NULL, b'0', 'Panevėžio AS'),
	(104, NULL, b'0', 'Aniūnai'),
	(105, NULL, b'0', 'Gečionys'),
	(106, NULL, b'0', 'Gečionys II'),
	(107, NULL, b'0', 'Mačionys'),
	(108, NULL, b'0', 'Plepiškiai'),
	(109, NULL, b'0', 'Diktarai'),
	(110, 'Biržinė > Utena ', b'0', 'Leliūnai'),
	(111, NULL, b'0', 'Ažugiriai'),
	(112, NULL, b'0', 'Antalgė'),
	(113, NULL, b'0', 'Jasonys'),
	(114, NULL, b'0', 'Grybeliai'),
	(115, NULL, b'0', 'Utenos AS'),
	(116, NULL, b'0', 'Vaitutiškiai'),
	(117, NULL, b'0', 'Kiškeliai'),
	(118, NULL, b'0', 'Sintautai'),
	(119, 'Biržinės kelias', b'0', 'Katlėriai'),
	(120, NULL, b'0', 'Pašiliai'),
	(121, NULL, b'0', 'Jonydžiai'),
	(122, NULL, b'0', 'Biržinė'),
	(123, NULL, b'0', 'Skiemonys'),
	(124, NULL, b'0', 'Geležinkelio stotis'),
	(125, NULL, b'0', 'Kalno parduotuvė'),
	(126, NULL, b'0', 'Pušyno mikrorajonas'),
	(127, NULL, b'0', 'Mindaugo g.'),
	(128, NULL, b'0', 'Žiburio g.'),
	(129, NULL, b'0', 'Ligoninė'),
	(130, NULL, b'0', 'Žiburio parduotuvė'),
	(131, NULL, b'0', 'Senosios kapinės'),
	(132, NULL, b'0', 'Naujosios kapinės'),
	(135, NULL, b'0', 'Kuniškiai'),
	(136, NULL, b'0', 'Piktagalys'),
	(137, NULL, b'0', 'Naujonys'),
	(138, NULL, b'0', 'Kryžkelė'),
	(139, NULL, b'0', 'Smėlynė II'),
	(140, NULL, b'0', 'Smėlynė I'),
	(141, NULL, b'0', 'Aukštakalnis'),
	(142, NULL, b'0', 'Žalioji'),
	(143, NULL, b'0', 'Degsniai'),
	(145, NULL, b'0', 'Arlavietė'),
	(146, NULL, b'0', 'Griežioniškiai'),
	(147, NULL, b'0', 'Sedeikiai'),
	(148, NULL, b'0', 'Plikiškiai'),
	(149, NULL, b'0', 'Mikieriai'),
	(150, NULL, b'0', 'Stadijonas'),
	(151, NULL, b'0', 'Šeimyniškėliai'),
	(153, NULL, b'0', 'SB "Elma"'),
	(154, NULL, b'0', 'Pavariai'),
	(155, NULL, b'0', 'J. Biliūno tėviškė'),
	(156, NULL, b'1', 'Niūronys'),
	(158, NULL, b'0', 'SB "Voruta"'),
	(159, NULL, b'0', 'Elmininkai'),
	(160, NULL, b'0', 'Bikūnai'),
	(161, NULL, b'0', 'Vosgėliai'),
	(162, NULL, b'0', 'Čekonys'),
	(163, NULL, b'0', 'Rašimai'),
	(164, NULL, b'0', 'Leliūnai'),
	(165, NULL, b'0', 'Mickūnai'),
	(166, NULL, b'0', 'Mickūnų tiltas'),
	(167, NULL, b'0', 'Pauriškiai'),
	(168, NULL, b'0', 'Svėdasai'),
	(169, NULL, b'0', 'Leliūnų gyv. 1'),
	(170, NULL, b'0', 'Leliūnų gyv. 2'),
	(171, NULL, b'0', 'S. Elmininkai'),
	(172, NULL, b'0', 'II Svirnai'),
	(173, NULL, b'0', 'Ž. Svirnai'),
	(174, NULL, b'0', 'Radiškio kryžkelė'),
	(175, NULL, b'0', 'Šventupė'),
	(176, NULL, b'0', 'Vidiškiai'),
	(177, NULL, b'0', 'Mūšia'),
	(178, NULL, b'0', 'Ukmergė'),
	(179, NULL, b'0', 'Nakonys'),
	(180, NULL, b'0', 'Gudeliai'),
	(181, NULL, b'0', 'Vašuokėnai'),
	(182, NULL, b'0', 'Šerys'),
	(183, NULL, b'0', 'Inčiūrai'),
	(184, NULL, b'0', 'Vidugiriai'),
	(185, NULL, b'0', 'Umėnai'),
	(186, NULL, b'0', 'Mitašiūnai'),
	(187, NULL, b'0', 'Žviliūnai'),
	(188, NULL, b'0', 'Žudžgalys'),
	(189, NULL, b'0', 'Raguvėl. gel. st.'),
	(190, NULL, b'0', 'Titeikiai'),
	(191, NULL, b'0', 'Nausodė'),
	(192, NULL, b'0', 'Čekonys I'),
	(193, NULL, b'0', 'Čekonys II'),
	(194, NULL, b'0', 'Kalveliai'),
	(195, NULL, b'0', 'Meldučiai'),
	(196, NULL, b'0', 'Debeikiai'),
	(197, NULL, b'0', 'Jurzdikas'),
	(198, NULL, b'0', 'Aknystų kr.'),
	(199, NULL, b'0', 'Aknystos'),
	(200, NULL, b'0', 'Varkujai');

-- Dumping structure for table anyksciaibus.line
CREATE TABLE IF NOT EXISTS `line` (
  `id` bigint NOT NULL AUTO_INCREMENT,
  `anyk_station_platform` varchar(255) DEFAULT NULL,
  `name` varchar(255) DEFAULT NULL,
  `operator` varchar(255) DEFAULT NULL,
  `price` varchar(255) DEFAULT NULL,
  `route_end` varchar(255) DEFAULT NULL,
  `route_start` varchar(255) DEFAULT NULL,
  `route_type` tinyint DEFAULT NULL,
  `via` varchar(255) DEFAULT NULL,
  `enabled_seasonal_yearly_rule_filter` bit(1) NOT NULL,
  PRIMARY KEY (`id`),
  CONSTRAINT `line_chk_1` CHECK ((`route_type` between 0 and 2))
) ENGINE=InnoDB AUTO_INCREMENT=22 DEFAULT CHARSET=utf8mb4 COLLATE=utf8mb4_0900_ai_ci;

-- Dumping data for table anyksciaibus.line: ~21 rows (approximately)
INSERT INTO `line` (`id`, `anyk_station_platform`, `name`, `operator`, `price`, `route_end`, `route_start`, `route_type`, `via`, `enabled_seasonal_yearly_rule_filter`) VALUES
	(1, NULL, 'M35', 'Transporto Centras', NULL, 'Dabužiai', 'Anykščiai', 1, NULL, b'0'),
	(2, NULL, 'M5', 'Transporto Centras', NULL, 'Surdegis', 'Anykščiai', 1, 'Andrioniškis, Viešintos', b'0'),
	(3, NULL, 'M27', 'Transporto Centras', NULL, 'Pravydžiai', 'Anykščiai', 1, NULL, b'0'),
	(4, NULL, 'M17', 'Transporto Centras', NULL, 'II Kurkliai', 'Anykščiai', 1, NULL, b'0'),
	(5, NULL, 'M18', 'Transporto Centras', NULL, 'Raguva', 'Anykščiai', 1, 'Kavarskas, Traupis', b'0'),
	(6, NULL, 'M18 (iki Repšėnai)', 'Transporto Centras', NULL, 'Repšėnai', 'Anykščiai', 1, 'Kavarskas', b'0'),
	(7, NULL, 'M17 B', 'Transporto Centras', NULL, 'Staškūniškis', 'Anykščiai', 1, 'Kurkliai', b'0'),
	(8, NULL, 'M6', 'Transporto Centras', NULL, 'Rubikiai', 'Anykščiai', 1, NULL, b'0'),
	(9, NULL, 'Panevėžys', 'Transporto Centras', NULL, 'Panevėžys', 'Anykščiai', 2, 'Troškūnai, Raguvėlė', b'0'),
	(10, NULL, 'Utena', 'Transporto Centras', NULL, 'Utena', 'Anykščiai', 2, 'Rubikiai', b'0'),
	(11, NULL, 'Viešintos', 'Transporto Centras', NULL, 'Viešintos', 'Anykščiai', 1, 'Andrioniškis', b'0'),
	(12, NULL, 'M3', 'Transporto Centras', NULL, 'Skiemonys', 'Anykščiai', 1, NULL, b'0'),
	(13, NULL, 'M38', 'Transporto Centras', NULL, 'Viduj', 'Miesto', 0, 'Stotis - Ligoninė - Kapinės', b'1'),
	(14, NULL, 'M36', 'Transporto Centras', NULL, 'Mikieriai', 'Anykščiai', 1, NULL, b'0'),
	(15, NULL, 'M34', 'Transporto Centras', NULL, 'Niūronys', 'Anykščiai', 1, NULL, b'0'),
	(16, NULL, 'Svėdasai', 'Transporto Centras', NULL, 'Svėdasai', 'Anykščiai', 1, NULL, b'0'),
	(17, NULL, 'Ukmergė m27?', 'Transporto Centras', NULL, 'Ukmergė', 'Anykščiai', 1, 'Kavarskas', b'0'),
	(18, NULL, 'Kavarskas m27?', 'Transporto Centras', NULL, 'Kavarskas', 'Anykščiai', 1, NULL, b'0'),
	(19, NULL, 'Raguvėlė', 'Transporto Centras', NULL, 'Raguvėlė', 'Anykščiai', 1, 'Troškūnai, Surdegis', b'0'),
	(20, NULL, 'M24', 'Transporto Centras', NULL, 'Nausodė', 'Anykščiai', 1, 'Troškūnai', b'0'),
	(21, NULL, 'M22', 'Transporto Centras', NULL, 'Aknystos', 'Anykščiai', 1, 'Debeikiai', b'0');

-- Dumping structure for table anyksciaibus.pattern1params
CREATE TABLE IF NOT EXISTS `pattern1params` (
  `id` bigint NOT NULL AUTO_INCREMENT,
  `desired_xday` tinyint DEFAULT NULL,
  `nth_occurence_each_month` int NOT NULL,
  `runs_on_yearly_id` bigint DEFAULT NULL,
  PRIMARY KEY (`id`),
  KEY `FKedg4jmam0bip5g00b5fmor3p2` (`runs_on_yearly_id`),
  CONSTRAINT `FKedg4jmam0bip5g00b5fmor3p2` FOREIGN KEY (`runs_on_yearly_id`) REFERENCES `runs_on_yearly` (`id`),
  CONSTRAINT `pattern1params_chk_1` CHECK ((`desired_xday` between 0 and 6))
) ENGINE=InnoDB AUTO_INCREMENT=23 DEFAULT CHARSET=utf8mb4 COLLATE=utf8mb4_0900_ai_ci;

-- Dumping data for table anyksciaibus.pattern1params: ~9 rows (approximately)
INSERT INTO `pattern1params` (`id`, `desired_xday`, `nth_occurence_each_month`, `runs_on_yearly_id`) VALUES
	(1, 1, 2, 6),
	(2, 1, 4, 6),
	(14, 4, 1, 16),
	(15, 4, 3, 16),
	(16, 4, 1, 17),
	(17, 4, 3, 17),
	(18, 4, 1, 18),
	(19, 4, 3, 18);

-- Dumping structure for table anyksciaibus.public_holiday
CREATE TABLE IF NOT EXISTS `public_holiday` (
  `id` bigint NOT NULL AUTO_INCREMENT,
  `day` int NOT NULL,
  `month` int NOT NULL,
  `name` varchar(255) DEFAULT NULL,
  PRIMARY KEY (`id`)
) ENGINE=InnoDB AUTO_INCREMENT=14 DEFAULT CHARSET=utf8mb4 COLLATE=utf8mb4_0900_ai_ci;

-- Dumping data for table anyksciaibus.public_holiday: ~11 rows (approximately)
INSERT INTO `public_holiday` (`id`, `day`, `month`, `name`) VALUES
	(1, 1, 1, 'Naujieji metai'),
	(2, 16, 2, 'Lietuvos valstybės atkūrimo diena'),
	(3, 11, 3, 'Lietuvos nepriklausomybės atkūrimo diena'),
	(4, 1, 5, 'Tarptautinė darbo diena'),
	(6, 24, 6, 'Rasos ir Joninių diena'),
	(7, 6, 7, 'Lietuvos karaliaus Mindaugo karūnavimo diena'),
	(8, 15, 8, 'Žolinė'),
	(9, 1, 11, 'Visų Šventųjų diena'),
	(10, 2, 11, 'Mirusiųjų atminimo (Vėlinių) diena'),
	(11, 24, 12, 'Kūčios'),
	(12, 25, 12, 'Kalėdos 1d'),
	(13, 26, 12, 'Kalėdos 2d');

-- Dumping structure for table anyksciaibus.roles
CREATE TABLE IF NOT EXISTS `roles` (
  `id` int NOT NULL AUTO_INCREMENT,
  `name` enum('ROLE_USER','ROLE_MODERATOR','ROLE_ADMIN') DEFAULT NULL,
  PRIMARY KEY (`id`)
) ENGINE=InnoDB AUTO_INCREMENT=4 DEFAULT CHARSET=utf8mb4 COLLATE=utf8mb4_0900_ai_ci;

-- Dumping data for table anyksciaibus.roles: ~2 rows (approximately)
INSERT INTO `roles` (`id`, `name`) VALUES
	(1, 'ROLE_USER'),
	(2, 'ROLE_MODERATOR'),
	(3, 'ROLE_ADMIN');

-- Dumping structure for table anyksciaibus.route
CREATE TABLE IF NOT EXISTS `route` (
  `id` bigint NOT NULL AUTO_INCREMENT,
  `route_notes` varchar(255) DEFAULT NULL,
  `line_id` bigint DEFAULT NULL,
  PRIMARY KEY (`id`),
  KEY `FKj58aoohfm27dlw2hf5bvj8i7q` (`line_id`),
  CONSTRAINT `FKj58aoohfm27dlw2hf5bvj8i7q` FOREIGN KEY (`line_id`) REFERENCES `line` (`id`)
) ENGINE=InnoDB AUTO_INCREMENT=42 DEFAULT CHARSET=utf8mb4 COLLATE=utf8mb4_0900_ai_ci;

-- Dumping data for table anyksciaibus.route: ~37 rows (approximately)
INSERT INTO `route` (`id`, `route_notes`, `line_id`) VALUES
	(1, 'Pagrindinis', 1),
	(2, 'Pagrindinis', 2),
	(3, 'Pagrindinis', 3),
	(4, 'Pagrindinis', 4),
	(5, 'Be Staškūniškio', 4),
	(6, 'Per Kavarską', 5),
	(7, 'Pagrindinis', 6),
	(8, 'Per Kurklius', 7),
	(9, 'Per II Kurklių kaimą, Kurklius', 7),
	(11, 'Per Katlėrius be mokyklų', 7),
	(12, 'Per Lukošiškius Express', 7),
	(13, 'Per Katlėrius ir mokyklas', 7),
	(14, 'Pagrindinis', 8),
	(15, 'Iki J. Biliūno g.', 9),
	(16, 'iki Anykščių AS', 9),
	(17, 'Anyk AS - Raguvėlė', 9),
	(18, 'Pagrindinis', 10),
	(19, 'Pagrindinis', 11),
	(20, 'Pagrindinis', 12),
	(21, 'Ilgas - su kapinėm', 13),
	(22, 'Trumpas - be kapinių', 13),
	(23, 'Per Troškūnus', 5),
	(24, 'Pagrindinis', 14),
	(25, 'Su Žiburio pard.', 15),
	(26, 'Be Žiburio pard.', 15),
	(27, 'be S. Elmininkų, be Leliūnų gyv.', 16),
	(28, 'be S. Elmininkų', 16),
	(29, 'be Leliūnų gyv.', 16),
	(30, 'Pagrindinis', 17),
	(31, 'Pagrindinis', 18),
	(32, 'Trumpas 18', 19),
	(33, 'Ilgas 34', 19),
	(34, 'be Papilių 29', 19),
	(35, 'Pagrindinis', 20),
	(36, 'Su pertrauka Troškūnuose', 20),
	(37, 'iki Aknystų - Su S. Elmininkais', 21),
	(38, 'iki Aknystų - Be S. Elmininkų', 21),
	(39, 'Iki Varkujų', 21),
	(40, 'Iki Varkujų - Be S. Elmin, be Aknystų', 21),
	(41, 'Iki Varkujų - Be S. Elmininkų ', 21);

-- Dumping structure for table anyksciaibus.route_busstops
CREATE TABLE IF NOT EXISTS `route_busstops` (
  `route_id` bigint NOT NULL,
  `stop_id` bigint NOT NULL,
  `stops_arr_order` int NOT NULL,
  PRIMARY KEY (`route_id`,`stops_arr_order`),
  KEY `FKlnwihn5l8fwtjjfm3eur8g1lw` (`stop_id`),
  CONSTRAINT `FK6fmw7h9df3h5vr735d15s7n3y` FOREIGN KEY (`route_id`) REFERENCES `route` (`id`),
  CONSTRAINT `FKlnwihn5l8fwtjjfm3eur8g1lw` FOREIGN KEY (`stop_id`) REFERENCES `bus_stop` (`id`)
) ENGINE=InnoDB DEFAULT CHARSET=utf8mb4 COLLATE=utf8mb4_0900_ai_ci;

-- Dumping data for table anyksciaibus.route_busstops: ~682 rows (approximately)
INSERT INTO `route_busstops` (`route_id`, `stop_id`, `stops_arr_order`) VALUES
	(1, 1, 0),
	(2, 1, 0),
	(3, 1, 0),
	(4, 1, 0),
	(5, 1, 12),
	(6, 1, 0),
	(7, 1, 0),
	(8, 1, 0),
	(9, 1, 0),
	(11, 1, 0),
	(12, 1, 0),
	(13, 1, 0),
	(14, 1, 0),
	(15, 1, 3),
	(16, 1, 0),
	(17, 1, 0),
	(18, 1, 0),
	(19, 1, 0),
	(20, 1, 0),
	(21, 1, 0),
	(21, 1, 4),
	(21, 1, 23),
	(22, 1, 0),
	(22, 1, 4),
	(22, 1, 20),
	(23, 1, 0),
	(24, 1, 0),
	(25, 1, 0),
	(26, 1, 0),
	(27, 1, 0),
	(28, 1, 0),
	(29, 1, 0),
	(30, 1, 0),
	(31, 1, 0),
	(32, 1, 0),
	(33, 1, 0),
	(34, 1, 0),
	(35, 1, 0),
	(36, 1, 0),
	(37, 1, 0),
	(38, 1, 0),
	(39, 1, 0),
	(40, 1, 0),
	(41, 1, 0),
	(1, 2, 1),
	(6, 2, 1),
	(7, 2, 1),
	(30, 2, 1),
	(1, 3, 2),
	(3, 3, 1),
	(6, 3, 2),
	(7, 3, 2),
	(30, 3, 2),
	(31, 3, 1),
	(1, 4, 3),
	(3, 4, 2),
	(6, 4, 3),
	(7, 4, 3),
	(30, 4, 3),
	(31, 4, 2),
	(1, 5, 4),
	(1, 6, 5),
	(2, 7, 1),
	(15, 7, 4),
	(16, 7, 1),
	(17, 7, 1),
	(19, 7, 1),
	(23, 7, 1),
	(24, 7, 1),
	(32, 7, 1),
	(33, 7, 1),
	(34, 7, 1),
	(35, 7, 1),
	(36, 7, 1),
	(2, 8, 2),
	(15, 8, 5),
	(16, 8, 2),
	(17, 8, 2),
	(19, 8, 2),
	(23, 8, 2),
	(24, 8, 2),
	(27, 8, 14),
	(28, 8, 16),
	(29, 8, 16),
	(32, 8, 2),
	(33, 8, 2),
	(34, 8, 2),
	(35, 8, 2),
	(36, 8, 2),
	(2, 9, 3),
	(15, 9, 6),
	(16, 9, 3),
	(17, 9, 3),
	(19, 9, 3),
	(24, 9, 3),
	(32, 9, 3),
	(33, 9, 3),
	(34, 9, 3),
	(35, 9, 3),
	(36, 9, 3),
	(2, 10, 4),
	(19, 10, 4),
	(24, 10, 4),
	(2, 11, 5),
	(19, 11, 5),
	(24, 11, 5),
	(2, 12, 6),
	(19, 12, 6),
	(24, 12, 6),
	(2, 13, 7),
	(19, 13, 7),
	(2, 14, 8),
	(19, 14, 8),
	(2, 15, 9),
	(19, 15, 9),
	(2, 16, 10),
	(19, 16, 10),
	(2, 17, 11),
	(19, 17, 11),
	(2, 18, 12),
	(2, 19, 13),
	(2, 20, 14),
	(2, 21, 15),
	(33, 21, 26),
	(2, 22, 16),
	(33, 22, 27),
	(2, 23, 17),
	(33, 23, 25),
	(33, 23, 28),
	(34, 23, 23),
	(3, 24, 3),
	(6, 24, 4),
	(7, 24, 4),
	(30, 24, 4),
	(31, 24, 3),
	(3, 25, 4),
	(6, 25, 5),
	(7, 25, 5),
	(30, 25, 5),
	(31, 25, 4),
	(3, 26, 5),
	(6, 26, 6),
	(7, 26, 6),
	(30, 26, 6),
	(31, 26, 5),
	(3, 27, 6),
	(6, 27, 7),
	(7, 27, 7),
	(30, 27, 7),
	(31, 27, 6),
	(3, 28, 7),
	(3, 29, 8),
	(3, 30, 9),
	(3, 31, 10),
	(3, 32, 11),
	(4, 33, 1),
	(5, 33, 11),
	(8, 33, 1),
	(9, 33, 1),
	(11, 33, 1),
	(12, 33, 1),
	(13, 33, 1),
	(14, 33, 1),
	(15, 33, 2),
	(18, 33, 1),
	(20, 33, 1),
	(21, 33, 5),
	(21, 33, 19),
	(22, 33, 5),
	(22, 33, 16),
	(25, 33, 1),
	(26, 33, 1),
	(27, 33, 1),
	(28, 33, 1),
	(29, 33, 1),
	(37, 33, 1),
	(38, 33, 1),
	(39, 33, 1),
	(40, 33, 1),
	(41, 33, 1),
	(4, 34, 2),
	(5, 34, 10),
	(8, 34, 2),
	(9, 34, 2),
	(11, 34, 2),
	(12, 34, 2),
	(13, 34, 4),
	(21, 34, 7),
	(21, 34, 9),
	(21, 34, 14),
	(21, 34, 18),
	(22, 34, 7),
	(22, 34, 9),
	(22, 34, 14),
	(22, 34, 15),
	(4, 35, 3),
	(5, 35, 9),
	(8, 35, 3),
	(9, 35, 3),
	(11, 35, 3),
	(12, 35, 3),
	(13, 35, 5),
	(4, 36, 4),
	(5, 36, 8),
	(11, 36, 4),
	(13, 36, 6),
	(4, 37, 5),
	(5, 37, 7),
	(8, 37, 5),
	(11, 37, 5),
	(13, 37, 7),
	(4, 38, 6),
	(5, 38, 6),
	(8, 38, 6),
	(11, 38, 6),
	(13, 38, 8),
	(4, 39, 7),
	(5, 39, 5),
	(8, 39, 7),
	(11, 39, 7),
	(13, 39, 9),
	(39, 39, 18),
	(40, 39, 15),
	(41, 39, 17),
	(4, 40, 8),
	(5, 40, 4),
	(8, 40, 8),
	(11, 40, 8),
	(13, 40, 10),
	(4, 41, 9),
	(5, 41, 3),
	(8, 41, 9),
	(9, 41, 14),
	(11, 41, 9),
	(13, 41, 11),
	(4, 42, 10),
	(4, 42, 12),
	(5, 42, 2),
	(8, 42, 10),
	(9, 42, 13),
	(9, 42, 15),
	(11, 42, 10),
	(12, 42, 10),
	(13, 42, 12),
	(4, 43, 11),
	(8, 43, 11),
	(9, 43, 16),
	(11, 43, 11),
	(12, 43, 11),
	(13, 43, 13),
	(30, 43, 8),
	(4, 44, 13),
	(5, 44, 1),
	(9, 44, 9),
	(9, 44, 12),
	(12, 44, 9),
	(4, 45, 14),
	(5, 45, 0),
	(9, 45, 8),
	(12, 45, 8),
	(6, 46, 8),
	(7, 46, 8),
	(6, 47, 9),
	(7, 47, 9),
	(6, 48, 10),
	(7, 48, 10),
	(6, 49, 11),
	(7, 49, 11),
	(6, 50, 12),
	(7, 50, 12),
	(6, 51, 13),
	(7, 51, 13),
	(6, 52, 14),
	(7, 52, 14),
	(6, 53, 15),
	(6, 54, 16),
	(6, 55, 17),
	(6, 56, 18),
	(23, 56, 14),
	(6, 57, 19),
	(23, 57, 15),
	(6, 58, 20),
	(23, 58, 16),
	(6, 59, 21),
	(23, 59, 17),
	(6, 60, 22),
	(23, 60, 18),
	(6, 61, 23),
	(23, 61, 19),
	(8, 62, 4),
	(9, 62, 4),
	(12, 62, 4),
	(9, 63, 5),
	(12, 63, 5),
	(9, 64, 6),
	(12, 64, 6),
	(9, 65, 7),
	(12, 65, 7),
	(9, 66, 10),
	(9, 67, 11),
	(13, 68, 3),
	(14, 68, 3),
	(18, 68, 3),
	(20, 68, 3),
	(13, 69, 2),
	(14, 69, 2),
	(15, 69, 1),
	(18, 69, 2),
	(20, 69, 2),
	(21, 69, 10),
	(22, 69, 10),
	(25, 69, 2),
	(26, 69, 2),
	(27, 69, 2),
	(28, 69, 2),
	(29, 69, 2),
	(37, 69, 2),
	(38, 69, 2),
	(39, 69, 2),
	(40, 69, 2),
	(41, 69, 2),
	(14, 70, 4),
	(18, 70, 4),
	(14, 71, 5),
	(18, 71, 5),
	(14, 72, 6),
	(18, 72, 6),
	(14, 73, 7),
	(18, 73, 7),
	(14, 74, 8),
	(18, 74, 8),
	(14, 75, 9),
	(18, 75, 9),
	(14, 76, 10),
	(18, 76, 10),
	(14, 77, 11),
	(15, 78, 0),
	(15, 79, 7),
	(16, 79, 4),
	(17, 79, 4),
	(32, 79, 4),
	(33, 79, 4),
	(34, 79, 4),
	(35, 79, 4),
	(36, 79, 4),
	(15, 80, 8),
	(16, 80, 5),
	(17, 80, 5),
	(23, 80, 13),
	(32, 80, 5),
	(33, 80, 5),
	(34, 80, 5),
	(35, 80, 5),
	(36, 80, 5),
	(15, 81, 9),
	(16, 81, 6),
	(17, 81, 6),
	(32, 81, 6),
	(33, 81, 6),
	(34, 81, 6),
	(35, 81, 6),
	(36, 81, 6),
	(15, 82, 10),
	(16, 82, 7),
	(17, 82, 7),
	(32, 82, 7),
	(33, 82, 7),
	(34, 82, 7),
	(35, 82, 7),
	(36, 82, 7),
	(15, 83, 11),
	(16, 83, 8),
	(17, 83, 8),
	(32, 83, 8),
	(33, 83, 8),
	(34, 83, 8),
	(35, 83, 8),
	(36, 83, 8),
	(15, 84, 12),
	(16, 84, 9),
	(17, 84, 9),
	(21, 84, 1),
	(21, 84, 22),
	(22, 84, 1),
	(22, 84, 19),
	(32, 84, 9),
	(33, 84, 9),
	(34, 84, 9),
	(35, 84, 9),
	(36, 84, 9),
	(15, 85, 13),
	(16, 85, 10),
	(17, 85, 10),
	(23, 85, 10),
	(32, 85, 10),
	(33, 85, 10),
	(33, 85, 22),
	(34, 85, 10),
	(35, 85, 10),
	(36, 85, 10),
	(36, 85, 11),
	(15, 86, 14),
	(16, 86, 11),
	(17, 86, 11),
	(32, 86, 11),
	(35, 86, 11),
	(36, 86, 12),
	(15, 87, 15),
	(16, 87, 12),
	(17, 87, 12),
	(32, 87, 12),
	(35, 87, 12),
	(36, 87, 13),
	(15, 88, 16),
	(16, 88, 13),
	(17, 88, 13),
	(32, 88, 13),
	(35, 88, 13),
	(36, 88, 14),
	(15, 89, 17),
	(16, 89, 14),
	(17, 89, 14),
	(32, 89, 14),
	(15, 90, 18),
	(16, 90, 15),
	(17, 90, 15),
	(32, 90, 16),
	(15, 91, 19),
	(16, 91, 16),
	(17, 91, 16),
	(32, 91, 15),
	(15, 92, 20),
	(16, 92, 17),
	(17, 92, 17),
	(32, 92, 17),
	(33, 92, 33),
	(34, 92, 28),
	(15, 93, 21),
	(16, 93, 18),
	(15, 94, 22),
	(16, 94, 19),
	(15, 95, 23),
	(16, 95, 20),
	(15, 96, 24),
	(16, 96, 21),
	(15, 97, 25),
	(16, 97, 22),
	(15, 98, 26),
	(16, 98, 23),
	(15, 99, 27),
	(16, 99, 24),
	(15, 100, 28),
	(16, 100, 25),
	(15, 101, 29),
	(16, 101, 26),
	(15, 102, 30),
	(16, 102, 27),
	(15, 103, 31),
	(16, 103, 28),
	(18, 104, 11),
	(18, 105, 12),
	(18, 106, 13),
	(18, 107, 14),
	(18, 108, 15),
	(18, 109, 16),
	(18, 110, 17),
	(18, 111, 18),
	(18, 112, 19),
	(18, 113, 20),
	(18, 114, 21),
	(18, 115, 22),
	(20, 116, 4),
	(20, 117, 5),
	(20, 118, 6),
	(20, 119, 7),
	(20, 120, 8),
	(20, 121, 9),
	(20, 122, 10),
	(20, 123, 11),
	(21, 124, 2),
	(21, 124, 20),
	(22, 124, 2),
	(22, 124, 17),
	(21, 125, 3),
	(21, 125, 21),
	(22, 125, 3),
	(22, 125, 18),
	(21, 126, 6),
	(22, 126, 6),
	(21, 127, 8),
	(22, 127, 8),
	(21, 128, 11),
	(22, 128, 11),
	(21, 129, 12),
	(22, 129, 12),
	(21, 130, 13),
	(22, 130, 13),
	(25, 130, 3),
	(21, 131, 15),
	(21, 131, 17),
	(21, 132, 16),
	(23, 135, 3),
	(23, 136, 4),
	(23, 137, 5),
	(23, 138, 6),
	(23, 139, 7),
	(23, 140, 8),
	(23, 141, 9),
	(23, 142, 11),
	(23, 143, 12),
	(24, 145, 7),
	(24, 146, 8),
	(24, 147, 9),
	(24, 148, 10),
	(24, 149, 11),
	(25, 150, 4),
	(26, 150, 3),
	(27, 150, 3),
	(28, 150, 3),
	(29, 150, 3),
	(37, 150, 3),
	(38, 150, 3),
	(39, 150, 3),
	(40, 150, 3),
	(41, 150, 3),
	(25, 151, 5),
	(26, 151, 4),
	(25, 153, 6),
	(26, 153, 5),
	(25, 154, 7),
	(26, 154, 6),
	(25, 155, 8),
	(26, 155, 7),
	(25, 156, 9),
	(26, 156, 8),
	(27, 158, 4),
	(28, 158, 4),
	(29, 158, 4),
	(37, 158, 4),
	(38, 158, 4),
	(39, 158, 4),
	(40, 158, 4),
	(41, 158, 4),
	(27, 159, 5),
	(28, 159, 5),
	(29, 159, 5),
	(37, 159, 5),
	(38, 159, 5),
	(39, 159, 5),
	(40, 159, 5),
	(41, 159, 5),
	(27, 160, 6),
	(28, 160, 6),
	(29, 160, 6),
	(37, 160, 6),
	(38, 160, 6),
	(39, 160, 6),
	(40, 160, 6),
	(41, 160, 6),
	(27, 161, 7),
	(28, 161, 7),
	(29, 161, 7),
	(29, 161, 9),
	(37, 161, 7),
	(37, 161, 9),
	(38, 161, 7),
	(39, 161, 8),
	(40, 161, 7),
	(41, 161, 7),
	(27, 162, 8),
	(28, 162, 8),
	(29, 162, 10),
	(27, 163, 9),
	(28, 163, 9),
	(29, 163, 11),
	(27, 164, 10),
	(28, 164, 10),
	(29, 164, 12),
	(27, 165, 11),
	(28, 165, 13),
	(29, 165, 13),
	(27, 166, 12),
	(28, 166, 14),
	(29, 166, 14),
	(27, 167, 13),
	(28, 167, 15),
	(29, 167, 15),
	(27, 168, 15),
	(28, 168, 17),
	(29, 168, 17),
	(28, 169, 11),
	(28, 170, 12),
	(29, 171, 8),
	(37, 171, 8),
	(39, 171, 7),
	(30, 172, 9),
	(30, 173, 10),
	(30, 174, 11),
	(30, 175, 12),
	(30, 176, 13),
	(30, 177, 14),
	(30, 178, 15),
	(33, 179, 11),
	(33, 179, 21),
	(33, 179, 23),
	(34, 179, 11),
	(34, 179, 21),
	(33, 180, 12),
	(33, 180, 20),
	(34, 180, 12),
	(34, 180, 20),
	(33, 181, 13),
	(33, 181, 19),
	(34, 181, 13),
	(34, 181, 19),
	(33, 182, 14),
	(33, 182, 18),
	(34, 182, 14),
	(34, 182, 18),
	(33, 183, 15),
	(33, 183, 17),
	(34, 183, 15),
	(34, 183, 17),
	(33, 184, 16),
	(34, 184, 16),
	(33, 185, 24),
	(34, 185, 22),
	(33, 186, 29),
	(34, 186, 24),
	(33, 187, 30),
	(34, 187, 25),
	(33, 188, 31),
	(34, 188, 26),
	(33, 189, 32),
	(34, 189, 27),
	(35, 190, 14),
	(36, 190, 15),
	(35, 191, 15),
	(36, 191, 16),
	(37, 192, 10),
	(38, 192, 8),
	(39, 192, 9),
	(40, 192, 8),
	(41, 192, 8),
	(37, 193, 11),
	(38, 193, 9),
	(39, 193, 10),
	(40, 193, 9),
	(41, 193, 9),
	(37, 194, 12),
	(38, 194, 10),
	(39, 194, 11),
	(40, 194, 10),
	(41, 194, 10),
	(37, 195, 13),
	(38, 195, 11),
	(39, 195, 12),
	(40, 195, 11),
	(41, 195, 11),
	(37, 196, 14),
	(38, 196, 12),
	(39, 196, 13),
	(40, 196, 12),
	(41, 196, 12),
	(37, 197, 15),
	(38, 197, 13),
	(39, 197, 14),
	(40, 197, 13),
	(41, 197, 13),
	(37, 198, 16),
	(38, 198, 14),
	(39, 198, 15),
	(39, 198, 17),
	(40, 198, 14),
	(41, 198, 14),
	(41, 198, 16),
	(37, 199, 17),
	(38, 199, 15),
	(39, 199, 16),
	(41, 199, 15),
	(39, 200, 19),
	(40, 200, 16),
	(41, 200, 18);

-- Dumping structure for table anyksciaibus.route_distance_meters_list
CREATE TABLE IF NOT EXISTS `route_distance_meters_list` (
  `route_id` bigint NOT NULL,
  `distance_meters_list` int DEFAULT NULL,
  `distance_meters_list_order` int NOT NULL,
  PRIMARY KEY (`route_id`,`distance_meters_list_order`),
  CONSTRAINT `FK8ybtey86w64040djodg32qr7i` FOREIGN KEY (`route_id`) REFERENCES `route` (`id`)
) ENGINE=InnoDB DEFAULT CHARSET=utf8mb4 COLLATE=utf8mb4_0900_ai_ci;

-- Dumping data for table anyksciaibus.route_distance_meters_list: ~2 rows (approximately)
INSERT INTO `route_distance_meters_list` (`route_id`, `distance_meters_list`, `distance_meters_list_order`) VALUES
	(22, 0, 14),
	(36, 0, 10);

-- Dumping structure for table anyksciaibus.runs_on_weekly
CREATE TABLE IF NOT EXISTS `runs_on_weekly` (
  `schedule_id` bigint NOT NULL,
  `runs_on_weekly` enum('MONDAY','TUESDAY','WEDNESDAY','THURSDAY','FRIDAY','SATURDAY','SUNDAY') DEFAULT NULL,
  KEY `FKbwa8ypkdv9j56jq317d3ym2qj` (`schedule_id`),
  CONSTRAINT `FKbwa8ypkdv9j56jq317d3ym2qj` FOREIGN KEY (`schedule_id`) REFERENCES `schedule` (`id`)
) ENGINE=InnoDB DEFAULT CHARSET=utf8mb4 COLLATE=utf8mb4_0900_ai_ci;

-- Dumping data for table anyksciaibus.runs_on_weekly: ~306 rows (approximately)
INSERT INTO `runs_on_weekly` (`schedule_id`, `runs_on_weekly`) VALUES
	(1, 'MONDAY'),
	(1, 'TUESDAY'),
	(1, 'WEDNESDAY'),
	(1, 'THURSDAY'),
	(1, 'FRIDAY'),
	(1, 'SUNDAY'),
	(2, 'SUNDAY'),
	(3, 'MONDAY'),
	(3, 'TUESDAY'),
	(3, 'WEDNESDAY'),
	(3, 'THURSDAY'),
	(3, 'FRIDAY'),
	(4, 'FRIDAY'),
	(4, 'THURSDAY'),
	(4, 'WEDNESDAY'),
	(4, 'TUESDAY'),
	(4, 'MONDAY'),
	(5, 'WEDNESDAY'),
	(6, 'WEDNESDAY'),
	(7, 'SUNDAY'),
	(8, 'SUNDAY'),
	(13, 'WEDNESDAY'),
	(19, 'MONDAY'),
	(19, 'TUESDAY'),
	(19, 'WEDNESDAY'),
	(19, 'THURSDAY'),
	(19, 'FRIDAY'),
	(20, 'MONDAY'),
	(20, 'TUESDAY'),
	(20, 'WEDNESDAY'),
	(20, 'THURSDAY'),
	(20, 'FRIDAY'),
	(21, 'MONDAY'),
	(21, 'TUESDAY'),
	(21, 'WEDNESDAY'),
	(21, 'THURSDAY'),
	(21, 'FRIDAY'),
	(21, 'SATURDAY'),
	(21, 'SUNDAY'),
	(22, 'MONDAY'),
	(22, 'TUESDAY'),
	(22, 'WEDNESDAY'),
	(22, 'THURSDAY'),
	(22, 'FRIDAY'),
	(22, 'SATURDAY'),
	(22, 'SUNDAY'),
	(23, 'MONDAY'),
	(23, 'TUESDAY'),
	(23, 'WEDNESDAY'),
	(23, 'THURSDAY'),
	(23, 'FRIDAY'),
	(24, 'MONDAY'),
	(24, 'TUESDAY'),
	(24, 'WEDNESDAY'),
	(24, 'THURSDAY'),
	(24, 'FRIDAY'),
	(24, 'SATURDAY'),
	(24, 'SUNDAY'),
	(25, 'MONDAY'),
	(25, 'TUESDAY'),
	(25, 'WEDNESDAY'),
	(25, 'THURSDAY'),
	(25, 'FRIDAY'),
	(25, 'SATURDAY'),
	(26, 'MONDAY'),
	(26, 'TUESDAY'),
	(26, 'WEDNESDAY'),
	(26, 'THURSDAY'),
	(26, 'FRIDAY'),
	(26, 'SATURDAY'),
	(26, 'SUNDAY'),
	(27, 'MONDAY'),
	(27, 'TUESDAY'),
	(27, 'WEDNESDAY'),
	(27, 'THURSDAY'),
	(27, 'FRIDAY'),
	(28, 'MONDAY'),
	(28, 'TUESDAY'),
	(28, 'WEDNESDAY'),
	(28, 'THURSDAY'),
	(28, 'FRIDAY'),
	(29, 'FRIDAY'),
	(29, 'THURSDAY'),
	(29, 'TUESDAY'),
	(29, 'MONDAY'),
	(30, 'MONDAY'),
	(30, 'TUESDAY'),
	(30, 'WEDNESDAY'),
	(30, 'THURSDAY'),
	(30, 'FRIDAY'),
	(31, 'MONDAY'),
	(31, 'TUESDAY'),
	(31, 'WEDNESDAY'),
	(31, 'THURSDAY'),
	(31, 'FRIDAY'),
	(32, 'FRIDAY'),
	(32, 'THURSDAY'),
	(32, 'WEDNESDAY'),
	(32, 'TUESDAY'),
	(32, 'MONDAY'),
	(33, 'FRIDAY'),
	(33, 'THURSDAY'),
	(33, 'WEDNESDAY'),
	(33, 'TUESDAY'),
	(33, 'MONDAY'),
	(34, 'FRIDAY'),
	(34, 'THURSDAY'),
	(34, 'WEDNESDAY'),
	(34, 'TUESDAY'),
	(34, 'MONDAY'),
	(35, 'MONDAY'),
	(35, 'TUESDAY'),
	(35, 'WEDNESDAY'),
	(35, 'THURSDAY'),
	(35, 'FRIDAY'),
	(36, 'MONDAY'),
	(36, 'TUESDAY'),
	(36, 'WEDNESDAY'),
	(36, 'THURSDAY'),
	(36, 'FRIDAY'),
	(37, 'FRIDAY'),
	(37, 'THURSDAY'),
	(37, 'WEDNESDAY'),
	(37, 'TUESDAY'),
	(37, 'MONDAY'),
	(38, 'MONDAY'),
	(38, 'TUESDAY'),
	(38, 'WEDNESDAY'),
	(38, 'THURSDAY'),
	(38, 'FRIDAY'),
	(39, 'MONDAY'),
	(39, 'TUESDAY'),
	(39, 'WEDNESDAY'),
	(39, 'THURSDAY'),
	(39, 'FRIDAY'),
	(40, 'MONDAY'),
	(40, 'TUESDAY'),
	(40, 'WEDNESDAY'),
	(40, 'THURSDAY'),
	(40, 'FRIDAY'),
	(41, 'MONDAY'),
	(41, 'TUESDAY'),
	(41, 'WEDNESDAY'),
	(41, 'THURSDAY'),
	(41, 'FRIDAY'),
	(42, 'MONDAY'),
	(42, 'TUESDAY'),
	(42, 'WEDNESDAY'),
	(42, 'THURSDAY'),
	(42, 'FRIDAY'),
	(43, 'MONDAY'),
	(43, 'TUESDAY'),
	(43, 'WEDNESDAY'),
	(43, 'THURSDAY'),
	(43, 'FRIDAY'),
	(44, 'MONDAY'),
	(44, 'TUESDAY'),
	(44, 'WEDNESDAY'),
	(44, 'THURSDAY'),
	(44, 'FRIDAY'),
	(45, 'MONDAY'),
	(45, 'TUESDAY'),
	(45, 'WEDNESDAY'),
	(45, 'THURSDAY'),
	(45, 'FRIDAY'),
	(46, 'MONDAY'),
	(46, 'TUESDAY'),
	(46, 'WEDNESDAY'),
	(46, 'THURSDAY'),
	(46, 'FRIDAY'),
	(11, 'MONDAY'),
	(11, 'TUESDAY'),
	(11, 'THURSDAY'),
	(11, 'FRIDAY'),
	(12, 'MONDAY'),
	(12, 'TUESDAY'),
	(12, 'THURSDAY'),
	(12, 'FRIDAY'),
	(47, 'WEDNESDAY'),
	(48, 'WEDNESDAY'),
	(52, 'MONDAY'),
	(52, 'TUESDAY'),
	(52, 'WEDNESDAY'),
	(52, 'THURSDAY'),
	(52, 'FRIDAY'),
	(52, 'SATURDAY'),
	(53, 'MONDAY'),
	(53, 'TUESDAY'),
	(53, 'WEDNESDAY'),
	(53, 'THURSDAY'),
	(53, 'FRIDAY'),
	(54, 'SATURDAY'),
	(55, 'MONDAY'),
	(55, 'TUESDAY'),
	(55, 'WEDNESDAY'),
	(55, 'THURSDAY'),
	(55, 'FRIDAY'),
	(56, 'MONDAY'),
	(56, 'TUESDAY'),
	(56, 'WEDNESDAY'),
	(56, 'THURSDAY'),
	(56, 'FRIDAY'),
	(57, 'MONDAY'),
	(57, 'TUESDAY'),
	(57, 'WEDNESDAY'),
	(57, 'THURSDAY'),
	(57, 'FRIDAY'),
	(58, 'MONDAY'),
	(58, 'TUESDAY'),
	(58, 'WEDNESDAY'),
	(58, 'THURSDAY'),
	(58, 'FRIDAY'),
	(59, 'MONDAY'),
	(59, 'TUESDAY'),
	(59, 'WEDNESDAY'),
	(59, 'THURSDAY'),
	(59, 'FRIDAY'),
	(60, 'MONDAY'),
	(60, 'TUESDAY'),
	(60, 'WEDNESDAY'),
	(60, 'THURSDAY'),
	(60, 'FRIDAY'),
	(61, 'MONDAY'),
	(61, 'TUESDAY'),
	(61, 'WEDNESDAY'),
	(61, 'THURSDAY'),
	(61, 'FRIDAY'),
	(62, 'WEDNESDAY'),
	(63, 'MONDAY'),
	(63, 'TUESDAY'),
	(63, 'THURSDAY'),
	(63, 'FRIDAY'),
	(63, 'WEDNESDAY'),
	(64, 'MONDAY'),
	(64, 'TUESDAY'),
	(64, 'WEDNESDAY'),
	(64, 'THURSDAY'),
	(64, 'FRIDAY'),
	(65, 'MONDAY'),
	(65, 'TUESDAY'),
	(65, 'WEDNESDAY'),
	(65, 'THURSDAY'),
	(65, 'FRIDAY'),
	(66, 'MONDAY'),
	(66, 'TUESDAY'),
	(66, 'WEDNESDAY'),
	(66, 'THURSDAY'),
	(66, 'FRIDAY'),
	(67, 'FRIDAY'),
	(68, 'FRIDAY'),
	(69, 'FRIDAY'),
	(70, 'THURSDAY'),
	(71, 'THURSDAY'),
	(72, 'SUNDAY'),
	(73, 'SUNDAY'),
	(73, 'MONDAY'),
	(73, 'TUESDAY'),
	(73, 'WEDNESDAY'),
	(73, 'FRIDAY'),
	(73, 'THURSDAY'),
	(74, 'MONDAY'),
	(74, 'TUESDAY'),
	(74, 'WEDNESDAY'),
	(74, 'THURSDAY'),
	(74, 'FRIDAY'),
	(75, 'MONDAY'),
	(75, 'TUESDAY'),
	(75, 'WEDNESDAY'),
	(75, 'THURSDAY'),
	(75, 'FRIDAY'),
	(76, 'MONDAY'),
	(76, 'TUESDAY'),
	(76, 'WEDNESDAY'),
	(76, 'THURSDAY'),
	(76, 'FRIDAY'),
	(49, 'TUESDAY'),
	(50, 'TUESDAY'),
	(14, 'MONDAY'),
	(14, 'TUESDAY'),
	(14, 'WEDNESDAY'),
	(14, 'THURSDAY'),
	(14, 'FRIDAY'),
	(14, 'SATURDAY'),
	(14, 'SUNDAY'),
	(15, 'FRIDAY'),
	(15, 'THURSDAY'),
	(15, 'WEDNESDAY'),
	(15, 'TUESDAY'),
	(15, 'MONDAY'),
	(16, 'MONDAY'),
	(16, 'TUESDAY'),
	(16, 'WEDNESDAY'),
	(16, 'THURSDAY'),
	(16, 'FRIDAY'),
	(17, 'MONDAY'),
	(17, 'TUESDAY'),
	(17, 'WEDNESDAY'),
	(17, 'THURSDAY'),
	(17, 'FRIDAY'),
	(18, 'MONDAY'),
	(18, 'TUESDAY'),
	(18, 'WEDNESDAY'),
	(18, 'THURSDAY'),
	(18, 'FRIDAY'),
	(9, 'WEDNESDAY'),
	(10, 'WEDNESDAY');

-- Dumping structure for table anyksciaibus.runs_on_yearly
CREATE TABLE IF NOT EXISTS `runs_on_yearly` (
  `id` bigint NOT NULL AUTO_INCREMENT,
  `period_name` varchar(255) DEFAULT NULL,
  `type_of_yearly_rule` tinyint DEFAULT NULL,
  `copy_time_periods_from_other_rule_id` bigint DEFAULT NULL,
  PRIMARY KEY (`id`),
  KEY `FK7c7cnq8k8vd7xg17s9vutowdu` (`copy_time_periods_from_other_rule_id`),
  CONSTRAINT `FK7c7cnq8k8vd7xg17s9vutowdu` FOREIGN KEY (`copy_time_periods_from_other_rule_id`) REFERENCES `runs_on_yearly` (`id`),
  CONSTRAINT `runs_on_yearly_chk_1` CHECK ((`type_of_yearly_rule` between 0 and 2))
) ENGINE=InnoDB AUTO_INCREMENT=29 DEFAULT CHARSET=utf8mb4 COLLATE=utf8mb4_0900_ai_ci;

-- Dumping data for table anyksciaibus.runs_on_yearly: ~10 rows (approximately)
INSERT INTO `runs_on_yearly` (`id`, `period_name`, `type_of_yearly_rule`, `copy_time_periods_from_other_rule_id`) VALUES
	(1, 'Apskritus metus', NULL, NULL),
	(2, 'Moksleivių vasaros atostogos', NULL, NULL),
	(3, 'Mokslo metu', NULL, NULL),
	(4, 'Vasarą 4/15 - 11/03', NULL, NULL),
	(5, 'Žiemą 11/04 - 4/14', NULL, NULL),
	(6, '2 ir 4 mėnesio Antradienį', NULL, NULL),
	(7, 'Vasarą 4/01 - 11/15', NULL, NULL),
	(16, 'Mokslo Metu, 1 ir 3 Penkt.', NULL, 3),
	(17, 'Moksleivių vasaros atostogos, 1 ir 3 Penkt', NULL, 2),
	(18, '1 ir 3 mėnesio penktadienį', NULL, NULL);

-- Dumping structure for table anyksciaibus.schedule
CREATE TABLE IF NOT EXISTS `schedule` (
  `id` bigint NOT NULL AUTO_INCREMENT,
  `runs_on_public_holidays` bit(1) NOT NULL,
  `time_constraints_description` varchar(255) DEFAULT NULL,
  `line_id` bigint DEFAULT NULL,
  `runs_on_yearly_id` bigint DEFAULT NULL,
  PRIMARY KEY (`id`),
  KEY `FKk53kxaivyy0ncp8l4mg0fkbti` (`line_id`),
  KEY `FK9qgj0g3tu4r4yrnlrmktkdlr8` (`runs_on_yearly_id`),
  CONSTRAINT `FK9qgj0g3tu4r4yrnlrmktkdlr8` FOREIGN KEY (`runs_on_yearly_id`) REFERENCES `runs_on_yearly` (`id`),
  CONSTRAINT `FKk53kxaivyy0ncp8l4mg0fkbti` FOREIGN KEY (`line_id`) REFERENCES `line` (`id`)
) ENGINE=InnoDB AUTO_INCREMENT=77 DEFAULT CHARSET=utf8mb4 COLLATE=utf8mb4_0900_ai_ci;

-- Dumping data for table anyksciaibus.schedule: ~75 rows (approximately)
INSERT INTO `schedule` (`id`, `runs_on_public_holidays`, `time_constraints_description`, `line_id`, `runs_on_yearly_id`) VALUES
	(1, b'0', 'Važiuoja darbo dienomis ir sekmadieniais', 1, 1),
	(2, b'1', 'Važiuoja sekmadieniais', 1, 1),
	(3, b'0', 'Važiuoja mokslo metu', 1, 3),
	(4, b'0', 'Važiuoja darbo dienomis', 1, 1),
	(5, b'1', 'Trečiadieniais', 2, 1),
	(6, b'1', 'Trečiadieniais', 2, 1),
	(7, b'1', 'Važiuoja sekmadieniais', 3, 1),
	(8, b'1', 'Važiuoja sekmadieniais', 3, 1),
	(9, b'1', 'Autobusas važiuoja trečiadieniais vasaros moksleivių atostogų metu', 4, 2),
	(10, b'1', 'Autobusas važiuoja trečiadieniais vasaros moksleivių atostogų metu', 4, 2),
	(11, b'0', 'Važiuoja darbo dienomis, išskyrus trečiadienį', 5, 1),
	(12, b'0', 'Važiuoja darbo dienomis, išskyrus trečiadienį', 5, 1),
	(13, b'0', 'Trečiadieniais mokslo metu', 6, 3),
	(14, b'1', 'Važiuoja moksleivių atostogų metu', 7, 2),
	(15, b'0', 'Važiuoja darbo dienomis', 7, 1),
	(16, b'0', 'Važiuoja mokslo metu', 7, 3),
	(17, b'0', 'Autobusas važiuoja mokslo metu', 7, 3),
	(18, b'0', 'Autobusas važiuoja mokslo metu', 7, 3),
	(19, b'0', 'Važiuoja mokslo metu', 8, 3),
	(20, b'0', 'Važiuoja mokslo metu', 8, 3),
	(21, b'1', 'Važiuoja kasdien', 9, 1),
	(22, b'1', 'Važiuoja kasdien', 9, 1),
	(23, b'0', 'Važiuoja darbo dienomis', 9, 1),
	(24, b'0', 'Važiuoja kasdien', 9, 1),
	(25, b'0', 'Važiuoja darbo dienomis ir šeštadienį', 10, 1),
	(26, b'1', 'Važiuoja kasdien', 10, 1),
	(27, b'0', 'Važiuoja darbo dienomis', 10, 1),
	(28, b'0', 'Autobusas važiuoja mokslo metu', 11, 3),
	(29, b'0', 'Autobusas važiuoja darbo dienomis (išskyrus trečiadienį)', 11, 1),
	(30, b'0', 'Važiuoja moksleivių atostogų metu', 11, 2),
	(31, b'0', 'Važiuoja mokslo metu', 11, 3),
	(32, b'0', 'Autobusas važiuoja darbo dienomis', 12, 1),
	(33, b'0', 'Autobusas važiuoja darbo dienomis\n\nvažiuoja tik mokslo metu', 12, 3),
	(34, b'0', 'Autobusas važiuoja darbo dienomis', 12, 1),
	(35, b'0', 'Važiuoja darbo dienomis\nnuo balandžio 15 d. iki lapkričio 3 d.', 13, 4),
	(36, b'0', 'Važiuoja darbo dienomis\nnuo balandžio 15 d. iki lapkričio 3 d.', 13, 4),
	(37, b'0', 'Važiuoja darbo dienomis\nnuo balandžio 15 d. iki lapkričio 3 d.', 13, 4),
	(38, b'0', 'Važiuoja darbo dienomis\nnuo balandžio 15 d. iki lapkričio 3 d.', 13, 4),
	(39, b'0', 'Važiuoja darbo dienomis\nnuo balandžio 15 d. iki lapkričio 3 d.', 13, 4),
	(40, b'0', 'Važiuoja darbo dienomis\nnuo balandžio 15 d. iki lapkričio 3 d.', 13, 4),
	(41, b'0', 'Važiuoja darbo dienomis\nnuo lapkričio 4 d. iki balandžio 14 d.', 13, 5),
	(42, b'0', 'Važiuoja darbo dienomis\nnuo lapkričio 4 d. iki balandžio 14 d.', 13, 5),
	(43, b'0', 'Važiuoja darbo dienomis\nnuo lapkričio 4 d. iki balandžio 14 d.', 13, 5),
	(44, b'0', 'Važiuoja darbo dienomis\nnuo lapkričio 4 d. iki balandžio 14 d.', 13, 5),
	(45, b'0', 'Važiuoja darbo dienomis\nnuo lapkričio 4 d. iki balandžio 14 d.', 13, 5),
	(46, b'0', 'Važiuoja darbo dienomis\nnuo lapkričio 4 d. iki balandžio 14 d.', 13, 5),
	(47, b'0', 'Autobusas važiuoja trečiadieniais', 5, 1),
	(48, b'0', 'Autobusas važiuoja trečiadieniais', 5, 1),
	(49, b'1', 'Antrą ir ketvirtą menesio Antradienį', 14, 6),
	(50, b'0', 'Antrą ir ketvirtą menesio Antradienį', 14, 6),
	(52, b'0', 'Važiuoja nuo 04.01 iki 11.15\nvažiuoja darbo dienomis ir šeštadieniais', 15, 7),
	(53, b'0', 'Važiuoja nuo 04.01 iki 11.15\nvažiuoja darbo dienomis', 15, 7),
	(54, b'0', 'Važiuoja nuo 04.01 iki 11.15\nvažiuoja šeštadieniais', 15, 7),
	(55, b'0', 'Važiuoja nuo 04.01 iki 11.15\nvažiuoja darbo dienomis', 15, 7),
	(56, b'0', 'Važiuoja darbo dienomis', 16, 1),
	(57, b'0', 'Važiuoja darbo dienomis.', 16, 1),
	(58, b'0', 'Važiuoja mokslo metu.', 16, 3),
	(59, b'0', 'Važiuoja mokslo metu', 16, 3),
	(60, b'0', 'Važiuoja darbo dienomis', 16, 1),
	(61, b'0', 'Važiuoja darbo dienomis', 17, 1),
	(62, b'0', 'Važiuoja trečiadieniais', 18, 1),
	(63, b'0', 'Važiuoja darbo dienomis', 18, 1),
	(64, b'0', 'Važiuoja mokslo metu', 18, 3),
	(65, b'0', 'Važiuoja mokslo metu', 18, 3),
	(66, b'0', 'Važiuoja darbo dienomis', 18, 1),
	(67, b'0', 'važiuoja mokslo metu I ir III mėn. penktadienį', 19, 18),
	(68, b'0', 'moksleivių vasaros atostogų metu I ir III mėn. penktadienį', 19, 17),
	(69, b'0', '1 ir 3 mėnesio penktadienį', 19, 1),
	(70, b'0', 'Važiuoja ketvirtadieniais darbo dienomis', 20, 1),
	(71, b'0', 'Važiuoja ketvirtadieniais darbo dienomis', 20, 1),
	(72, b'0', 'Važiuoja sekmadieniais', 21, 1),
	(73, b'0', 'Darbo dienomis + sekmadieniais', 21, 1),
	(74, b'0', 'Važiuoja darbo dienomis', 21, 1),
	(75, b'0', 'Važiuoja mokslo metu', 21, 3),
	(76, b'0', 'Važiuoja darbo dienomis', 21, 1);

-- Dumping structure for table anyksciaibus.schedule_trips
CREATE TABLE IF NOT EXISTS `schedule_trips` (
  `schedule_id` bigint NOT NULL,
  `trips_id` bigint NOT NULL,
  UNIQUE KEY `UK_tareafvq6fn3j0t3j7d7ayayp` (`trips_id`),
  KEY `FK3nbgqtycdvscdb6e0osqm6soc` (`schedule_id`),
  CONSTRAINT `FK3nbgqtycdvscdb6e0osqm6soc` FOREIGN KEY (`schedule_id`) REFERENCES `schedule` (`id`),
  CONSTRAINT `FKj4f3ev3ki3gwwfj27c9e1cwko` FOREIGN KEY (`trips_id`) REFERENCES `trip1way` (`id`)
) ENGINE=InnoDB DEFAULT CHARSET=utf8mb4 COLLATE=utf8mb4_0900_ai_ci;

-- Dumping data for table anyksciaibus.schedule_trips: ~138 rows (approximately)
INSERT INTO `schedule_trips` (`schedule_id`, `trips_id`) VALUES
	(1, 1),
	(1, 2),
	(2, 3),
	(2, 4),
	(3, 5),
	(3, 6),
	(4, 7),
	(4, 8),
	(5, 9),
	(5, 10),
	(6, 11),
	(6, 12),
	(7, 13),
	(7, 14),
	(8, 15),
	(8, 16),
	(9, 17),
	(9, 18),
	(10, 19),
	(10, 20),
	(11, 21),
	(11, 22),
	(12, 23),
	(12, 24),
	(13, 25),
	(13, 26),
	(14, 27),
	(14, 28),
	(15, 29),
	(15, 30),
	(16, 31),
	(16, 32),
	(17, 33),
	(17, 34),
	(18, 35),
	(18, 36),
	(19, 37),
	(19, 38),
	(20, 39),
	(20, 40),
	(21, 41),
	(21, 42),
	(22, 43),
	(22, 44),
	(23, 45),
	(23, 46),
	(24, 47),
	(24, 48),
	(25, 49),
	(25, 50),
	(26, 51),
	(26, 52),
	(27, 53),
	(27, 54),
	(28, 55),
	(28, 56),
	(29, 57),
	(29, 58),
	(30, 59),
	(30, 60),
	(31, 61),
	(31, 62),
	(32, 63),
	(32, 64),
	(33, 65),
	(33, 66),
	(34, 67),
	(34, 68),
	(35, 69),
	(36, 70),
	(37, 71),
	(38, 72),
	(39, 73),
	(40, 74),
	(41, 75),
	(42, 76),
	(43, 77),
	(44, 78),
	(45, 79),
	(46, 80),
	(47, 81),
	(47, 82),
	(48, 83),
	(48, 84),
	(49, 85),
	(49, 86),
	(50, 87),
	(50, 88),
	(52, 90),
	(52, 91),
	(53, 92),
	(53, 93),
	(54, 94),
	(54, 95),
	(55, 96),
	(55, 97),
	(56, 98),
	(56, 99),
	(57, 100),
	(57, 101),
	(58, 102),
	(58, 103),
	(59, 104),
	(59, 105),
	(60, 106),
	(60, 107),
	(61, 108),
	(61, 109),
	(62, 110),
	(62, 111),
	(63, 112),
	(63, 113),
	(64, 114),
	(64, 115),
	(65, 116),
	(65, 117),
	(66, 118),
	(66, 119),
	(67, 120),
	(67, 121),
	(68, 122),
	(68, 123),
	(69, 124),
	(69, 125),
	(70, 126),
	(70, 127),
	(71, 128),
	(71, 129),
	(72, 130),
	(72, 131),
	(73, 132),
	(73, 133),
	(74, 134),
	(74, 135),
	(75, 136),
	(75, 137),
	(76, 138),
	(76, 139);

-- Dumping structure for table anyksciaibus.time_period
CREATE TABLE IF NOT EXISTS `time_period` (
  `id` bigint NOT NULL AUTO_INCREMENT,
  `end_day` int NOT NULL,
  `end_month` int NOT NULL,
  `start_day` int NOT NULL,
  `start_month` int NOT NULL,
  `runs_on_yearly_id` bigint DEFAULT NULL,
  PRIMARY KEY (`id`),
  KEY `FKrqkjyyeh8447nff7fwpou5oh3` (`runs_on_yearly_id`),
  CONSTRAINT `FKrqkjyyeh8447nff7fwpou5oh3` FOREIGN KEY (`runs_on_yearly_id`) REFERENCES `runs_on_yearly` (`id`)
) ENGINE=InnoDB AUTO_INCREMENT=23 DEFAULT CHARSET=utf8mb4 COLLATE=utf8mb4_0900_ai_ci;

-- Dumping data for table anyksciaibus.time_period: ~11 rows (approximately)
INSERT INTO `time_period` (`id`, `end_day`, `end_month`, `start_day`, `start_month`, `runs_on_yearly_id`) VALUES
	(1, 31, 12, 1, 1, 1),
	(2, 31, 8, 1, 6, 2),
	(8, 3, 11, 15, 4, 4),
	(9, 31, 12, 4, 11, 5),
	(10, 14, 4, 1, 1, 5),
	(11, 15, 11, 1, 4, 7),
	(18, 29, 10, 1, 9, 3),
	(19, 26, 12, 4, 11, 3),
	(20, 18, 2, 6, 1, 3),
	(21, 1, 4, 24, 2, 3),
	(22, 31, 5, 6, 4, 3);

-- Dumping structure for table anyksciaibus.trip1way
CREATE TABLE IF NOT EXISTS `trip1way` (
  `id` bigint NOT NULL AUTO_INCREMENT,
  `bound_for` tinyint DEFAULT NULL,
  `is_route_dir_reversed` bit(1) DEFAULT NULL,
  `route_id` bigint DEFAULT NULL,
  `schedule_id` bigint DEFAULT NULL,
  PRIMARY KEY (`id`),
  KEY `FK2piuwch8fcrkod1m3ku9y640o` (`route_id`),
  KEY `FK8tiexbjx3aks3d2bftqkvanp8` (`schedule_id`),
  CONSTRAINT `FK2piuwch8fcrkod1m3ku9y640o` FOREIGN KEY (`route_id`) REFERENCES `route` (`id`),
  CONSTRAINT `FK8tiexbjx3aks3d2bftqkvanp8` FOREIGN KEY (`schedule_id`) REFERENCES `schedule` (`id`),
  CONSTRAINT `trip1way_chk_1` CHECK ((`bound_for` between 0 and 2))
) ENGINE=InnoDB AUTO_INCREMENT=140 DEFAULT CHARSET=utf8mb4 COLLATE=utf8mb4_0900_ai_ci;

-- Dumping data for table anyksciaibus.trip1way: ~136 rows (approximately)
INSERT INTO `trip1way` (`id`, `bound_for`, `is_route_dir_reversed`, `route_id`, `schedule_id`) VALUES
	(1, 1, b'0', 1, 1),
	(2, 0, b'1', 1, 1),
	(3, 1, b'0', 1, 2),
	(4, 0, b'1', 1, 2),
	(5, 1, b'0', 1, 3),
	(6, 0, b'1', 1, 3),
	(7, 1, b'0', 1, 4),
	(8, 0, b'1', 1, 4),
	(9, 1, b'0', 2, 5),
	(10, 0, b'1', 2, 5),
	(11, 1, b'0', 2, 6),
	(12, 0, b'1', 2, 6),
	(13, 1, b'0', 3, 7),
	(14, 0, b'1', 3, 7),
	(15, 1, b'0', 3, 8),
	(16, 0, b'1', 3, 8),
	(17, 1, b'0', 4, 9),
	(18, 0, b'1', 5, 9),
	(19, 1, b'0', 4, 10),
	(20, 0, b'1', 5, 10),
	(21, 1, b'0', 6, 11),
	(22, 0, b'1', 6, 11),
	(23, 1, b'0', 6, 12),
	(24, 0, b'1', 6, 12),
	(25, 1, b'0', 7, 13),
	(26, 0, b'1', 7, 13),
	(27, 1, b'0', 8, 14),
	(28, 0, b'1', 8, 14),
	(29, 1, b'0', 8, 15),
	(30, 0, b'1', 8, 15),
	(31, 1, b'0', 8, 16),
	(32, 0, b'1', 8, 16),
	(33, 1, b'0', 9, 17),
	(34, 0, b'1', 13, 17),
	(35, 1, b'0', 11, 18),
	(36, 0, b'1', 12, 18),
	(37, 1, b'0', 14, 19),
	(38, 0, b'1', 14, 19),
	(39, 1, b'0', 14, 20),
	(40, 0, b'1', 14, 20),
	(41, 1, b'0', 16, 21),
	(42, 0, b'1', 16, 21),
	(43, 1, b'0', 16, 22),
	(44, 0, b'1', 17, 22),
	(45, 0, b'1', 15, 23),
	(46, 1, b'0', 15, 23),
	(47, 0, b'1', 16, 24),
	(48, 1, b'0', 16, 24),
	(49, 1, b'0', 18, 25),
	(50, 0, b'1', 18, 25),
	(51, 1, b'0', 18, 26),
	(52, 0, b'1', 18, 26),
	(53, 1, b'0', 18, 27),
	(54, 0, b'1', 18, 27),
	(55, 1, b'0', 19, 28),
	(56, 0, b'1', 19, 28),
	(57, 1, b'0', 19, 29),
	(58, 0, b'1', 19, 29),
	(59, 1, b'0', 19, 30),
	(60, 0, b'1', 19, 30),
	(61, 1, b'0', 19, 31),
	(62, 0, b'1', 19, 31),
	(63, 1, b'0', 20, 32),
	(64, 0, b'1', 20, 32),
	(65, 1, b'0', 20, 33),
	(66, 0, b'1', 20, 33),
	(67, 1, b'0', 20, 34),
	(68, 0, b'1', 20, 34),
	(69, 2, b'0', 21, 35),
	(70, 2, b'0', 21, 36),
	(71, 2, b'0', 21, 37),
	(72, 2, b'0', 21, 38),
	(73, 2, b'0', 21, 39),
	(74, 2, b'0', 21, 40),
	(75, 2, b'0', 22, 41),
	(76, 2, b'0', 22, 42),
	(77, 2, b'0', 22, 43),
	(78, 2, b'0', 22, 44),
	(79, 2, b'0', 22, 45),
	(80, 2, b'0', 22, 46),
	(81, 1, b'0', 6, 47),
	(82, 0, b'1', 23, 47),
	(83, 1, b'0', 23, 48),
	(84, 0, b'1', 6, 48),
	(85, 1, b'0', 24, 49),
	(86, 0, b'1', 24, 49),
	(87, 1, b'0', 24, 50),
	(88, 0, b'1', 24, 50),
	(90, 1, b'0', 25, 52),
	(91, 0, b'1', 26, 52),
	(92, 1, b'0', 25, 53),
	(93, 0, b'1', 26, 53),
	(94, 1, b'0', 26, 54),
	(95, 0, b'1', 26, 54),
	(96, 1, b'0', 26, 55),
	(97, 0, b'1', 25, 55),
	(98, 1, b'0', 27, 56),
	(99, 0, b'1', 28, 56),
	(100, 1, b'0', 27, 57),
	(101, 0, b'1', 27, 57),
	(102, 1, b'0', 27, 58),
	(103, 0, b'1', 27, 58),
	(104, 1, b'0', 29, 59),
	(105, 0, b'1', 27, 59),
	(106, 1, b'0', 28, 60),
	(107, 0, b'1', 27, 60),
	(108, 1, b'0', 30, 61),
	(109, 0, b'1', 30, 61),
	(110, 1, b'0', 31, 62),
	(111, 0, b'1', 31, 62),
	(112, 1, b'0', 31, 63),
	(113, 0, b'1', 31, 63),
	(114, 1, b'0', 31, 64),
	(115, 0, b'1', 31, 64),
	(116, 1, b'0', 31, 65),
	(117, 0, b'1', 31, 65),
	(118, 1, b'0', 31, 66),
	(119, 0, b'1', 31, 66),
	(120, 1, b'0', 32, 67),
	(121, 0, b'1', 33, 67),
	(122, 1, b'0', 32, 68),
	(123, 0, b'1', 34, 68),
	(124, 1, b'0', 34, 69),
	(125, 0, b'1', 32, 69),
	(126, 1, b'0', 35, 70),
	(127, 0, b'1', 36, 70),
	(128, 1, b'0', 35, 71),
	(129, 0, b'1', 35, 71),
	(130, 1, b'0', 38, 72),
	(131, 0, b'1', 37, 72),
	(132, 1, b'0', 37, 73),
	(133, 0, b'1', 38, 73),
	(134, 1, b'0', 40, 74),
	(135, 0, b'1', 39, 74),
	(136, 1, b'0', 40, 75),
	(137, 0, b'1', 41, 75),
	(138, 1, b'0', 41, 76),
	(139, 0, b'1', 40, 76);

-- Dumping structure for table anyksciaibus.trip1way_time_list
CREATE TABLE IF NOT EXISTS `trip1way_time_list` (
  `trip1way_id` bigint NOT NULL,
  `time_list` time(6) DEFAULT NULL,
  `time_list_order` int NOT NULL,
  PRIMARY KEY (`trip1way_id`,`time_list_order`),
  CONSTRAINT `FKhg4yrncakgka88qmgruv7s50m` FOREIGN KEY (`trip1way_id`) REFERENCES `trip1way` (`id`)
) ENGINE=InnoDB DEFAULT CHARSET=utf8mb4 COLLATE=utf8mb4_0900_ai_ci;

-- Dumping data for table anyksciaibus.trip1way_time_list: ~2,015 rows (approximately)
INSERT INTO `trip1way_time_list` (`trip1way_id`, `time_list`, `time_list_order`) VALUES
	(1, '06:40:00.000000', 0),
	(1, '06:42:00.000000', 1),
	(1, '06:44:00.000000', 2),
	(1, '06:46:00.000000', 3),
	(1, '06:50:00.000000', 4),
	(1, '06:53:00.000000', 5),
	(2, '06:53:00.000000', 0),
	(2, '06:58:00.000000', 1),
	(2, '07:02:00.000000', 2),
	(2, '07:04:00.000000', 3),
	(2, '07:08:00.000000', 4),
	(2, '07:10:00.000000', 5),
	(3, '10:20:00.000000', 0),
	(3, '10:22:00.000000', 1),
	(3, '10:25:00.000000', 2),
	(3, '10:28:00.000000', 3),
	(3, '10:32:00.000000', 4),
	(3, '10:35:00.000000', 5),
	(4, '10:35:00.000000', 0),
	(4, '10:38:00.000000', 1),
	(4, '10:40:00.000000', 2),
	(4, '10:43:00.000000', 3),
	(4, '10:45:00.000000', 4),
	(4, '10:50:00.000000', 5),
	(5, '15:30:00.000000', 0),
	(5, '15:32:00.000000', 1),
	(5, '15:35:00.000000', 2),
	(5, '15:38:00.000000', 3),
	(5, '15:42:00.000000', 4),
	(5, '15:45:00.000000', 5),
	(6, '15:45:00.000000', 0),
	(6, '15:50:00.000000', 1),
	(6, '15:55:00.000000', 2),
	(6, '15:57:00.000000', 3),
	(6, '15:58:00.000000', 4),
	(6, '16:00:00.000000', 5),
	(7, '17:40:00.000000', 0),
	(7, '17:42:00.000000', 1),
	(7, '17:45:00.000000', 2),
	(7, '17:48:00.000000', 3),
	(7, '17:51:00.000000', 4),
	(7, '17:54:00.000000', 5),
	(8, '17:55:00.000000', 0),
	(8, '17:58:00.000000', 1),
	(8, '18:01:00.000000', 2),
	(8, '18:04:00.000000', 3),
	(8, '18:06:00.000000', 4),
	(8, '18:10:00.000000', 5),
	(9, '07:45:00.000000', 0),
	(9, '07:49:00.000000', 1),
	(9, '07:51:00.000000', 2),
	(9, '07:53:00.000000', 3),
	(9, '07:55:00.000000', 4),
	(9, '07:57:00.000000', 5),
	(9, '07:59:00.000000', 6),
	(9, '08:02:00.000000', 7),
	(9, '08:05:00.000000', 8),
	(9, '08:08:00.000000', 9),
	(9, '08:11:00.000000', 10),
	(9, '08:13:00.000000', 11),
	(9, '08:18:00.000000', 12),
	(9, '08:22:00.000000', 13),
	(9, '08:27:00.000000', 14),
	(9, '08:32:00.000000', 15),
	(9, '08:35:00.000000', 16),
	(9, '08:40:00.000000', 17),
	(10, '08:40:00.000000', 0),
	(10, '08:45:00.000000', 1),
	(10, '08:48:00.000000', 2),
	(10, '08:53:00.000000', 3),
	(10, '08:58:00.000000', 4),
	(10, '09:01:00.000000', 5),
	(10, '09:05:00.000000', 6),
	(10, '09:07:00.000000', 7),
	(10, '09:10:00.000000', 8),
	(10, '09:13:00.000000', 9),
	(10, '09:16:00.000000', 10),
	(10, '09:19:00.000000', 11),
	(10, '09:21:00.000000', 12),
	(10, '09:23:00.000000', 13),
	(10, '09:25:00.000000', 14),
	(10, '09:27:00.000000', 15),
	(10, '09:29:00.000000', 16),
	(10, '09:35:00.000000', 17),
	(11, '14:50:00.000000', 0),
	(11, '14:54:00.000000', 1),
	(11, '14:56:00.000000', 2),
	(11, '14:58:00.000000', 3),
	(11, '15:00:00.000000', 4),
	(11, '15:02:00.000000', 5),
	(11, '15:04:00.000000', 6),
	(11, '15:07:00.000000', 7),
	(11, '15:10:00.000000', 8),
	(11, '15:13:00.000000', 9),
	(11, '15:16:00.000000', 10),
	(11, '15:18:00.000000', 11),
	(11, '15:23:00.000000', 12),
	(11, '15:27:00.000000', 13),
	(11, '15:32:00.000000', 14),
	(11, '15:37:00.000000', 15),
	(11, '15:40:00.000000', 16),
	(11, '15:45:00.000000', 17),
	(12, '15:45:00.000000', 0),
	(12, '15:50:00.000000', 1),
	(12, '15:53:00.000000', 2),
	(12, '15:58:00.000000', 3),
	(12, '16:03:00.000000', 4),
	(12, '16:06:00.000000', 5),
	(12, '16:10:00.000000', 6),
	(12, '16:12:00.000000', 7),
	(12, '16:17:00.000000', 8),
	(12, '16:20:00.000000', 9),
	(12, '16:23:00.000000', 10),
	(12, '16:26:00.000000', 11),
	(12, '16:28:00.000000', 12),
	(12, '16:30:00.000000', 13),
	(12, '16:31:00.000000', 14),
	(12, '16:33:00.000000', 15),
	(12, '16:35:00.000000', 16),
	(12, '16:40:00.000000', 17),
	(13, '08:25:00.000000', 0),
	(13, '08:27:00.000000', 1),
	(13, '08:30:00.000000', 2),
	(13, '08:32:00.000000', 3),
	(13, '08:35:00.000000', 4),
	(13, '08:37:00.000000', 5),
	(13, '08:40:00.000000', 6),
	(13, '08:42:00.000000', 7),
	(13, '08:44:00.000000', 8),
	(13, '08:46:00.000000', 9),
	(13, '08:48:00.000000', 10),
	(13, '08:50:00.000000', 11),
	(14, '08:50:00.000000', 0),
	(14, '08:51:00.000000', 1),
	(14, '08:52:00.000000', 2),
	(14, '08:54:00.000000', 3),
	(14, '08:56:00.000000', 4),
	(14, '09:00:00.000000', 5),
	(14, '09:03:00.000000', 6),
	(14, '09:05:00.000000', 7),
	(14, '09:08:00.000000', 8),
	(14, '09:10:00.000000', 9),
	(14, '09:18:00.000000', 10),
	(14, '09:20:00.000000', 11),
	(15, '10:20:00.000000', 0),
	(15, '10:22:00.000000', 1),
	(15, '10:25:00.000000', 2),
	(15, '10:27:00.000000', 3),
	(15, '10:30:00.000000', 4),
	(15, '10:35:00.000000', 5),
	(15, '10:40:00.000000', 6),
	(15, '11:03:00.000000', 7),
	(15, '11:05:00.000000', 8),
	(15, '11:08:00.000000', 9),
	(15, '11:09:00.000000', 10),
	(15, '11:10:00.000000', 11),
	(16, '11:10:00.000000', 0),
	(16, '11:12:00.000000', 1),
	(16, '11:14:00.000000', 2),
	(16, '11:16:00.000000', 3),
	(16, '11:18:00.000000', 4),
	(16, '11:20:00.000000', 5),
	(16, '11:23:00.000000', 6),
	(16, '11:28:00.000000', 7),
	(16, '11:30:00.000000', 8),
	(16, '11:35:00.000000', 9),
	(16, '11:38:00.000000', 10),
	(16, '11:40:00.000000', 11),
	(17, '08:55:00.000000', 0),
	(17, '08:56:00.000000', 1),
	(17, '08:58:00.000000', 2),
	(17, '09:03:00.000000', 3),
	(17, '09:05:00.000000', 4),
	(17, '09:07:00.000000', 5),
	(17, '09:10:00.000000', 6),
	(17, '09:13:00.000000', 7),
	(17, '09:15:00.000000', 8),
	(17, '09:18:00.000000', 9),
	(17, '09:20:00.000000', 10),
	(17, '09:25:00.000000', 11),
	(17, '09:27:00.000000', 12),
	(17, '09:30:00.000000', 13),
	(17, '09:32:00.000000', 14),
	(18, '09:32:00.000000', 0),
	(18, '09:34:00.000000', 1),
	(18, '09:37:00.000000', 2),
	(18, '09:40:00.000000', 3),
	(18, '09:44:00.000000', 4),
	(18, '09:47:00.000000', 5),
	(18, '09:50:00.000000', 6),
	(18, '09:53:00.000000', 7),
	(18, '09:55:00.000000', 8),
	(18, '09:57:00.000000', 9),
	(18, '10:02:00.000000', 10),
	(18, '10:04:00.000000', 11),
	(18, '10:05:00.000000', 12),
	(19, '13:30:00.000000', 0),
	(19, '13:31:00.000000', 1),
	(19, '13:33:00.000000', 2),
	(19, '13:35:00.000000', 3),
	(19, '13:37:00.000000', 4),
	(19, '13:39:00.000000', 5),
	(19, '13:41:00.000000', 6),
	(19, '13:43:00.000000', 7),
	(19, '13:45:00.000000', 8),
	(19, '13:47:00.000000', 9),
	(19, '13:49:00.000000', 10),
	(19, '13:54:00.000000', 11),
	(19, '13:58:00.000000', 12),
	(19, '14:00:00.000000', 13),
	(19, '14:03:00.000000', 14),
	(20, '14:03:00.000000', 0),
	(20, '14:05:00.000000', 1),
	(20, '14:08:00.000000', 2),
	(20, '14:11:00.000000', 3),
	(20, '14:15:00.000000', 4),
	(20, '14:18:00.000000', 5),
	(20, '14:21:00.000000', 6),
	(20, '14:24:00.000000', 7),
	(20, '14:26:00.000000', 8),
	(20, '14:28:00.000000', 9),
	(20, '14:32:00.000000', 10),
	(20, '14:34:00.000000', 11),
	(20, '14:35:00.000000', 12),
	(21, '07:20:00.000000', 0),
	(21, '07:22:00.000000', 1),
	(21, '07:24:00.000000', 2),
	(21, '07:25:00.000000', 3),
	(21, '07:29:00.000000', 4),
	(21, '07:30:00.000000', 5),
	(21, '07:33:00.000000', 6),
	(21, '07:35:00.000000', 7),
	(21, '07:38:00.000000', 8),
	(21, '07:40:00.000000', 9),
	(21, '07:42:00.000000', 10),
	(21, '07:45:00.000000', 11),
	(21, '07:48:00.000000', 12),
	(21, '07:49:00.000000', 13),
	(21, '07:50:00.000000', 14),
	(21, '07:51:00.000000', 15),
	(21, '07:53:00.000000', 16),
	(21, '07:54:00.000000', 17),
	(21, '07:55:00.000000', 18),
	(21, '07:57:00.000000', 19),
	(21, '07:59:00.000000', 20),
	(21, '08:02:00.000000', 21),
	(21, '08:04:00.000000', 22),
	(21, '08:05:00.000000', 23),
	(22, '08:05:00.000000', 0),
	(22, '08:07:00.000000', 1),
	(22, '08:09:00.000000', 2),
	(22, '08:11:00.000000', 3),
	(22, '08:12:00.000000', 4),
	(22, '08:15:00.000000', 5),
	(22, '08:18:00.000000', 6),
	(22, '08:21:00.000000', 7),
	(22, '08:25:00.000000', 8),
	(22, '08:30:00.000000', 9),
	(22, '08:32:00.000000', 10),
	(22, '08:34:00.000000', 11),
	(22, '08:38:00.000000', 12),
	(22, '08:45:00.000000', 13),
	(22, '08:48:00.000000', 14),
	(22, '08:50:00.000000', 15),
	(22, '09:00:00.000000', 16),
	(22, '09:02:00.000000', 17),
	(22, '09:05:00.000000', 18),
	(22, '09:08:00.000000', 19),
	(22, '09:10:00.000000', 20),
	(22, '09:15:00.000000', 21),
	(22, '09:18:00.000000', 22),
	(22, '09:20:00.000000', 23),
	(23, '13:30:00.000000', 0),
	(23, '13:32:00.000000', 1),
	(23, '13:35:00.000000', 2),
	(23, '13:38:00.000000', 3),
	(23, '13:41:00.000000', 4),
	(23, '13:43:00.000000', 5),
	(23, '13:47:00.000000', 6),
	(23, '13:50:00.000000', 7),
	(23, '14:03:00.000000', 8),
	(23, '14:05:00.000000', 9),
	(23, '14:08:00.000000', 10),
	(23, '14:14:00.000000', 11),
	(23, '14:18:00.000000', 12),
	(23, '14:21:00.000000', 13),
	(23, '14:25:00.000000', 14),
	(23, '14:26:00.000000', 15),
	(23, '14:27:00.000000', 16),
	(23, '14:28:00.000000', 17),
	(23, '14:30:00.000000', 18),
	(23, '14:32:00.000000', 19),
	(23, '14:35:00.000000', 20),
	(23, '14:38:00.000000', 21),
	(23, '14:40:00.000000', 22),
	(23, '14:45:00.000000', 23),
	(24, '14:45:00.000000', 0),
	(24, '14:47:00.000000', 1),
	(24, '14:49:00.000000', 2),
	(24, '14:51:00.000000', 3),
	(24, '14:55:00.000000', 4),
	(24, '15:00:00.000000', 5),
	(24, '15:01:00.000000', 6),
	(24, '15:02:00.000000', 7),
	(24, '15:03:00.000000', 8),
	(24, '15:05:00.000000', 9),
	(24, '15:07:00.000000', 10),
	(24, '15:08:00.000000', 11),
	(24, '15:10:00.000000', 12),
	(24, '15:12:00.000000', 13),
	(24, '15:13:00.000000', 14),
	(24, '15:14:00.000000', 15),
	(24, '15:15:00.000000', 16),
	(24, '15:18:00.000000', 17),
	(24, '15:22:00.000000', 18),
	(24, '15:25:00.000000', 19),
	(24, '15:27:00.000000', 20),
	(24, '15:30:00.000000', 21),
	(24, '15:32:00.000000', 22),
	(24, '15:35:00.000000', 23),
	(25, '13:40:00.000000', 0),
	(25, '13:42:00.000000', 1),
	(25, '13:45:00.000000', 2),
	(25, '13:48:00.000000', 3),
	(25, '13:51:00.000000', 4),
	(25, '13:53:00.000000', 5),
	(25, '13:57:00.000000', 6),
	(25, '14:00:00.000000', 7),
	(25, '14:03:00.000000', 8),
	(25, '14:05:00.000000', 9),
	(25, '14:07:00.000000', 10),
	(25, '14:10:00.000000', 11),
	(25, '14:13:00.000000', 12),
	(25, '14:24:00.000000', 13),
	(25, '14:15:00.000000', 14),
	(26, '14:15:00.000000', 0),
	(26, '14:16:00.000000', 1),
	(26, '14:17:00.000000', 2),
	(26, '14:20:00.000000', 3),
	(26, '14:22:00.000000', 4),
	(26, '14:25:00.000000', 5),
	(26, '14:26:00.000000', 6),
	(26, '14:30:00.000000', 7),
	(26, '14:33:00.000000', 8),
	(26, '14:35:00.000000', 9),
	(26, '14:40:00.000000', 10),
	(26, '14:45:00.000000', 11),
	(26, '14:46:00.000000', 12),
	(26, '14:48:00.000000', 13),
	(26, '14:50:00.000000', 14),
	(27, '08:55:00.000000', 0),
	(27, '08:56:00.000000', 1),
	(27, '08:58:00.000000', 2),
	(27, '09:03:00.000000', 3),
	(27, '09:05:00.000000', 4),
	(27, '09:07:00.000000', 5),
	(27, '09:10:00.000000', 6),
	(27, '09:13:00.000000', 7),
	(27, '09:15:00.000000', 8),
	(27, '09:18:00.000000', 9),
	(27, '09:20:00.000000', 10),
	(27, '09:25:00.000000', 11),
	(28, '09:25:00.000000', 0),
	(28, '09:28:00.000000', 1),
	(28, '09:30:00.000000', 2),
	(28, '09:32:00.000000', 3),
	(28, '09:34:00.000000', 4),
	(28, '09:36:00.000000', 5),
	(28, '09:38:00.000000', 6),
	(28, '09:40:00.000000', 7),
	(28, '09:42:00.000000', 8),
	(28, '09:46:00.000000', 9),
	(28, '09:48:00.000000', 10),
	(28, '09:50:00.000000', 11),
	(29, '13:30:00.000000', 0),
	(29, '13:31:00.000000', 1),
	(29, '13:33:00.000000', 2),
	(29, '13:35:00.000000', 3),
	(29, '13:37:00.000000', 4),
	(29, '13:39:00.000000', 5),
	(29, '13:41:00.000000', 6),
	(29, '13:43:00.000000', 7),
	(29, '13:45:00.000000', 8),
	(29, '13:47:00.000000', 9),
	(29, '13:49:00.000000', 10),
	(29, '13:54:00.000000', 11),
	(30, '13:55:00.000000', 0),
	(30, '13:58:00.000000', 1),
	(30, '14:00:00.000000', 2),
	(30, '14:03:00.000000', 3),
	(30, '14:06:00.000000', 4),
	(30, '14:08:00.000000', 5),
	(30, '14:10:00.000000', 6),
	(30, '14:13:00.000000', 7),
	(30, '14:15:00.000000', 8),
	(30, '14:17:00.000000', 9),
	(30, '14:19:00.000000', 10),
	(30, '14:20:00.000000', 11),
	(31, '17:10:00.000000', 0),
	(31, '17:11:00.000000', 1),
	(31, '17:13:00.000000', 2),
	(31, '17:15:00.000000', 3),
	(31, '17:17:00.000000', 4),
	(31, '17:19:00.000000', 5),
	(31, '17:21:00.000000', 6),
	(31, '17:23:00.000000', 7),
	(31, '17:25:00.000000', 8),
	(31, '17:27:00.000000', 9),
	(31, '17:29:00.000000', 10),
	(31, '17:34:00.000000', 11),
	(32, '17:35:00.000000', 0),
	(32, '17:38:00.000000', 1),
	(32, '17:42:00.000000', 2),
	(32, '17:43:00.000000', 3),
	(32, '17:47:00.000000', 4),
	(32, '17:49:00.000000', 5),
	(32, '17:51:00.000000', 6),
	(32, '17:53:00.000000', 7),
	(32, '17:55:00.000000', 8),
	(32, '17:57:00.000000', 9),
	(32, '17:59:00.000000', 10),
	(32, '18:00:00.000000', 11),
	(33, '06:25:00.000000', 0),
	(33, '06:26:00.000000', 1),
	(33, '06:27:00.000000', 2),
	(33, '06:28:00.000000', 3),
	(33, '06:31:00.000000', 4),
	(33, '06:35:00.000000', 5),
	(33, '06:37:00.000000', 6),
	(33, '06:40:00.000000', 7),
	(33, '06:45:00.000000', 8),
	(33, '06:47:00.000000', 9),
	(33, '06:50:00.000000', 10),
	(33, '06:52:00.000000', 11),
	(33, '06:55:00.000000', 12),
	(33, '06:57:00.000000', 13),
	(33, '07:00:00.000000', 14),
	(33, '07:07:00.000000', 15),
	(33, '07:15:00.000000', 16),
	(34, '07:15:00.000000', 0),
	(34, '07:20:00.000000', 1),
	(34, '07:25:00.000000', 2),
	(34, '07:28:00.000000', 3),
	(34, '07:31:00.000000', 4),
	(34, '07:33:00.000000', 5),
	(34, '07:35:00.000000', 6),
	(34, '07:37:00.000000', 7),
	(34, '07:39:00.000000', 8),
	(34, '07:43:00.000000', 9),
	(34, '07:48:00.000000', 10),
	(34, '07:52:00.000000', 11),
	(34, '07:54:00.000000', 12),
	(34, '07:55:00.000000', 13),
	(35, '15:15:00.000000', 0),
	(35, '15:16:00.000000', 1),
	(35, '15:18:00.000000', 2),
	(35, '15:20:00.000000', 3),
	(35, '15:22:00.000000', 4),
	(35, '15:24:00.000000', 5),
	(35, '15:26:00.000000', 6),
	(35, '15:28:00.000000', 7),
	(35, '15:31:00.000000', 8),
	(35, '15:35:00.000000', 9),
	(35, '15:38:00.000000', 10),
	(35, '15:41:00.000000', 11),
	(36, '15:41:00.000000', 0),
	(36, '15:45:00.000000', 1),
	(36, '15:48:00.000000', 2),
	(36, '15:51:00.000000', 3),
	(36, '15:54:00.000000', 4),
	(36, '15:57:00.000000', 5),
	(36, '15:59:00.000000', 6),
	(36, '16:03:00.000000', 7),
	(36, '16:07:00.000000', 8),
	(36, '16:08:00.000000', 9),
	(36, '16:09:00.000000', 10),
	(36, '16:10:00.000000', 11),
	(37, '07:10:00.000000', 0),
	(37, '07:11:00.000000', 1),
	(37, '07:12:00.000000', 2),
	(37, '07:13:00.000000', 3),
	(37, '07:15:00.000000', 4),
	(37, '07:18:00.000000', 5),
	(37, '07:20:00.000000', 6),
	(37, '07:21:00.000000', 7),
	(37, '07:22:00.000000', 8),
	(37, '07:23:00.000000', 9),
	(37, '07:24:00.000000', 10),
	(37, '07:25:00.000000', 11),
	(38, '07:25:00.000000', 0),
	(38, '07:26:00.000000', 1),
	(38, '07:27:00.000000', 2),
	(38, '07:28:00.000000', 3),
	(38, '07:32:00.000000', 4),
	(38, '07:35:00.000000', 5),
	(38, '07:37:00.000000', 6),
	(38, '07:40:00.000000', 7),
	(38, '07:42:00.000000', 8),
	(38, '07:43:00.000000', 9),
	(38, '07:44:00.000000', 10),
	(38, '07:45:00.000000', 11),
	(39, '15:15:00.000000', 0),
	(39, '15:16:00.000000', 1),
	(39, '15:17:00.000000', 2),
	(39, '15:19:00.000000', 3),
	(39, '15:22:00.000000', 4),
	(39, '15:25:00.000000', 5),
	(39, '15:28:00.000000', 6),
	(39, '15:32:00.000000', 7),
	(39, '15:37:00.000000', 8),
	(39, '15:40:00.000000', 9),
	(39, '15:42:00.000000', 10),
	(39, '15:45:00.000000', 11),
	(40, '15:45:00.000000', 0),
	(40, '15:46:00.000000', 1),
	(40, '15:47:00.000000', 2),
	(40, '15:48:00.000000', 3),
	(40, '15:52:00.000000', 4),
	(40, '15:53:00.000000', 5),
	(40, '15:54:00.000000', 6),
	(40, '15:55:00.000000', 7),
	(40, '15:56:00.000000', 8),
	(40, '15:58:00.000000', 9),
	(40, '15:59:00.000000', 10),
	(40, '16:00:00.000000', 11),
	(41, '07:10:00.000000', 0),
	(41, '07:12:00.000000', 1),
	(41, '07:15:00.000000', 2),
	(41, '07:18:00.000000', 3),
	(41, '07:20:00.000000', 4),
	(41, '07:22:00.000000', 5),
	(41, '07:25:00.000000', 6),
	(41, '07:28:00.000000', 7),
	(41, '07:29:00.000000', 8),
	(41, '07:31:00.000000', 9),
	(41, '07:32:00.000000', 10),
	(41, '07:34:00.000000', 11),
	(41, '07:36:00.000000', 12),
	(41, '07:38:00.000000', 13),
	(41, '07:41:00.000000', 14),
	(41, '07:44:00.000000', 15),
	(41, '07:46:00.000000', 16),
	(41, '07:50:00.000000', 17),
	(41, '07:53:00.000000', 18),
	(41, '07:55:00.000000', 19),
	(41, '08:00:00.000000', 20),
	(41, '08:03:00.000000', 21),
	(41, '08:06:00.000000', 22),
	(41, '08:08:00.000000', 23),
	(41, '08:10:00.000000', 24),
	(41, '08:12:00.000000', 25),
	(41, '08:16:00.000000', 26),
	(41, '08:18:00.000000', 27),
	(41, '08:25:00.000000', 28),
	(42, '09:00:00.000000', 0),
	(42, '09:04:00.000000', 1),
	(42, '09:06:00.000000', 2),
	(42, '09:09:00.000000', 3),
	(42, '09:11:00.000000', 4),
	(42, '09:13:00.000000', 5),
	(42, '09:15:00.000000', 6),
	(42, '09:18:00.000000', 7),
	(42, '09:20:00.000000', 8),
	(42, '09:22:00.000000', 9),
	(42, '09:23:00.000000', 10),
	(42, '09:25:00.000000', 11),
	(42, '09:27:00.000000', 12),
	(42, '09:30:00.000000', 13),
	(42, '09:33:00.000000', 14),
	(42, '09:35:00.000000', 15),
	(42, '09:40:00.000000', 16),
	(42, '09:43:00.000000', 17),
	(42, '09:45:00.000000', 18),
	(42, '09:47:00.000000', 19),
	(42, '09:48:00.000000', 20),
	(42, '09:50:00.000000', 21),
	(42, '09:53:00.000000', 22),
	(42, '09:55:00.000000', 23),
	(42, '09:57:00.000000', 24),
	(42, '10:00:00.000000', 25),
	(42, '10:04:00.000000', 26),
	(42, '10:06:00.000000', 27),
	(42, '10:10:00.000000', 28),
	(43, '10:20:00.000000', 0),
	(43, '10:22:00.000000', 1),
	(43, '10:25:00.000000', 2),
	(43, '10:28:00.000000', 3),
	(43, '10:29:00.000000', 4),
	(43, '10:31:00.000000', 5),
	(43, '10:34:00.000000', 6),
	(43, '10:36:00.000000', 7),
	(43, '10:37:00.000000', 8),
	(43, '10:39:00.000000', 9),
	(43, '10:40:00.000000', 10),
	(43, '10:42:00.000000', 11),
	(43, '10:45:00.000000', 12),
	(43, '10:48:00.000000', 13),
	(43, '10:53:00.000000', 14),
	(43, '10:56:00.000000', 15),
	(43, '10:58:00.000000', 16),
	(43, '11:00:00.000000', 17),
	(43, '11:07:00.000000', 18),
	(43, '11:08:00.000000', 19),
	(43, '11:10:00.000000', 20),
	(43, '11:11:00.000000', 21),
	(43, '11:14:00.000000', 22),
	(43, '11:16:00.000000', 23),
	(43, '11:20:00.000000', 24),
	(43, '11:23:00.000000', 25),
	(43, '11:25:00.000000', 26),
	(43, '11:27:00.000000', 27),
	(43, '11:30:00.000000', 28),
	(44, '13:10:00.000000', 0),
	(44, '13:12:00.000000', 1),
	(44, '13:15:00.000000', 2),
	(44, '13:18:00.000000', 3),
	(44, '13:20:00.000000', 4),
	(44, '13:25:00.000000', 5),
	(44, '13:28:00.000000', 6),
	(44, '13:30:00.000000', 7),
	(44, '13:33:00.000000', 8),
	(44, '13:36:00.000000', 9),
	(44, '13:40:00.000000', 10),
	(44, '13:43:00.000000', 11),
	(44, '13:45:00.000000', 12),
	(44, '13:47:00.000000', 13),
	(44, '13:50:00.000000', 14),
	(44, '13:53:00.000000', 15),
	(44, '13:54:00.000000', 16),
	(44, '13:55:00.000000', 17),
	(45, '06:35:00.000000', 0),
	(45, '06:40:00.000000', 1),
	(45, '06:42:00.000000', 2),
	(45, '06:44:00.000000', 3),
	(45, '06:46:00.000000', 4),
	(45, '06:48:00.000000', 5),
	(45, '06:50:00.000000', 6),
	(45, '06:52:00.000000', 7),
	(45, '06:55:00.000000', 8),
	(45, '06:58:00.000000', 9),
	(45, '06:59:00.000000', 10),
	(45, '07:00:00.000000', 11),
	(45, '07:01:00.000000', 12),
	(45, '07:03:00.000000', 13),
	(45, '07:06:00.000000', 14),
	(45, '07:10:00.000000', 15),
	(45, '07:15:00.000000', 16),
	(45, '07:20:00.000000', 17),
	(45, '07:22:00.000000', 18),
	(45, '07:24:00.000000', 19),
	(45, '07:25:00.000000', 20),
	(45, '07:26:00.000000', 21),
	(45, '07:29:00.000000', 22),
	(45, '07:33:00.000000', 23),
	(45, '07:35:00.000000', 24),
	(45, '07:37:00.000000', 25),
	(45, '07:40:00.000000', 26),
	(45, '07:42:00.000000', 27),
	(45, '07:45:00.000000', 28),
	(45, '07:47:00.000000', 29),
	(45, '07:49:00.000000', 30),
	(45, '07:53:00.000000', 31),
	(46, '07:54:00.000000', 0),
	(46, '07:56:00.000000', 1),
	(46, '08:00:00.000000', 2),
	(46, '08:25:00.000000', 3),
	(46, '08:29:00.000000', 4),
	(46, '08:31:00.000000', 5),
	(46, '08:35:00.000000', 6),
	(46, '08:36:00.000000', 7),
	(46, '08:38:00.000000', 8),
	(46, '08:40:00.000000', 9),
	(46, '08:45:00.000000', 10),
	(46, '08:46:00.000000', 11),
	(46, '08:48:00.000000', 12),
	(46, '08:50:00.000000', 13),
	(46, '08:52:00.000000', 14),
	(46, '08:57:00.000000', 15),
	(46, '08:59:00.000000', 16),
	(46, '09:01:00.000000', 17),
	(46, '09:04:00.000000', 18),
	(46, '09:06:00.000000', 19),
	(46, '09:08:00.000000', 20),
	(46, '09:10:00.000000', 21),
	(46, '09:12:00.000000', 22),
	(46, '09:15:00.000000', 23),
	(46, '09:18:00.000000', 24),
	(46, '09:20:00.000000', 25),
	(46, '09:22:00.000000', 26),
	(46, '09:24:00.000000', 27),
	(46, '09:26:00.000000', 28),
	(46, '09:28:00.000000', 29),
	(46, '09:30:00.000000', 30),
	(46, '09:35:00.000000', 31),
	(47, '16:00:00.000000', 0),
	(47, '16:05:00.000000', 1),
	(47, '16:07:00.000000', 2),
	(47, '16:09:00.000000', 3),
	(47, '16:11:00.000000', 4),
	(47, '16:13:00.000000', 5),
	(47, '16:15:00.000000', 6),
	(47, '16:17:00.000000', 7),
	(47, '16:20:00.000000', 8),
	(47, '16:23:00.000000', 9),
	(47, '16:25:00.000000', 10),
	(47, '16:27:00.000000', 11),
	(47, '16:29:00.000000', 12),
	(47, '16:31:00.000000', 13),
	(47, '16:34:00.000000', 14),
	(47, '16:36:00.000000', 15),
	(47, '16:38:00.000000', 16),
	(47, '16:43:00.000000', 17),
	(47, '16:45:00.000000', 18),
	(47, '16:47:00.000000', 19),
	(47, '16:49:00.000000', 20),
	(47, '16:50:00.000000', 21),
	(47, '16:52:00.000000', 22),
	(47, '16:56:00.000000', 23),
	(47, '16:58:00.000000', 24),
	(47, '17:00:00.000000', 25),
	(47, '17:02:00.000000', 26),
	(47, '17:03:00.000000', 27),
	(47, '17:10:00.000000', 28),
	(48, '17:25:00.000000', 0),
	(48, '17:30:00.000000', 1),
	(48, '17:32:00.000000', 2),
	(48, '17:35:00.000000', 3),
	(48, '17:36:00.000000', 4),
	(48, '17:38:00.000000', 5),
	(48, '17:40:00.000000', 6),
	(48, '17:45:00.000000', 7),
	(48, '17:47:00.000000', 8),
	(48, '17:49:00.000000', 9),
	(48, '17:50:00.000000', 10),
	(48, '17:52:00.000000', 11),
	(48, '17:57:00.000000', 12),
	(48, '17:59:00.000000', 13),
	(48, '18:01:00.000000', 14),
	(48, '18:04:00.000000', 15),
	(48, '18:06:00.000000', 16),
	(48, '18:08:00.000000', 17),
	(48, '18:10:00.000000', 18),
	(48, '18:12:00.000000', 19),
	(48, '18:15:00.000000', 20),
	(48, '18:18:00.000000', 21),
	(48, '18:20:00.000000', 22),
	(48, '18:22:00.000000', 23),
	(48, '18:24:00.000000', 24),
	(48, '18:26:00.000000', 25),
	(48, '18:28:00.000000', 26),
	(48, '18:30:00.000000', 27),
	(48, '18:35:00.000000', 28),
	(49, '06:30:00.000000', 0),
	(49, '06:31:00.000000', 1),
	(49, '06:32:00.000000', 2),
	(49, '06:33:00.000000', 3),
	(49, '06:38:00.000000', 4),
	(49, '06:42:00.000000', 5),
	(49, '06:45:00.000000', 6),
	(49, '06:48:00.000000', 7),
	(49, '06:52:00.000000', 8),
	(49, '06:55:00.000000', 9),
	(49, '06:58:00.000000', 10),
	(49, '07:02:00.000000', 11),
	(49, '07:06:00.000000', 12),
	(49, '07:10:00.000000', 13),
	(49, '07:14:00.000000', 14),
	(49, '07:16:00.000000', 15),
	(49, '07:19:00.000000', 16),
	(49, '07:23:00.000000', 17),
	(49, '07:28:00.000000', 18),
	(49, '07:33:00.000000', 19),
	(49, '07:37:00.000000', 20),
	(49, '07:41:00.000000', 21),
	(49, '07:45:00.000000', 22),
	(50, '07:55:00.000000', 0),
	(50, '08:00:00.000000', 1),
	(50, '08:05:00.000000', 2),
	(50, '08:09:00.000000', 3),
	(50, '08:15:00.000000', 4),
	(50, '08:21:00.000000', 5),
	(50, '08:26:00.000000', 6),
	(50, '08:29:00.000000', 7),
	(50, '08:32:00.000000', 8),
	(50, '08:37:00.000000', 9),
	(50, '08:41:00.000000', 10),
	(50, '08:46:00.000000', 11),
	(50, '08:50:00.000000', 12),
	(50, '08:52:00.000000', 13),
	(50, '08:56:00.000000', 14),
	(50, '09:02:00.000000', 15),
	(50, '09:05:00.000000', 16),
	(50, '09:07:00.000000', 17),
	(50, '09:10:00.000000', 18),
	(50, '09:12:00.000000', 19),
	(50, '09:13:00.000000', 20),
	(50, '09:14:00.000000', 21),
	(50, '09:15:00.000000', 22),
	(51, '11:40:00.000000', 0),
	(51, '11:41:00.000000', 1),
	(51, '11:42:00.000000', 2),
	(51, '11:43:00.000000', 3),
	(51, '11:44:00.000000', 4),
	(51, '11:48:00.000000', 5),
	(51, '11:51:00.000000', 6),
	(51, '11:55:00.000000', 7),
	(51, '12:00:00.000000', 8),
	(51, '12:03:00.000000', 9),
	(51, '12:05:00.000000', 10),
	(51, '12:09:00.000000', 11),
	(51, '12:14:00.000000', 12),
	(51, '12:18:00.000000', 13),
	(51, '12:23:00.000000', 14),
	(51, '12:26:00.000000', 15),
	(51, '12:29:00.000000', 16),
	(51, '12:34:00.000000', 17),
	(51, '12:40:00.000000', 18),
	(51, '12:46:00.000000', 19),
	(51, '12:50:00.000000', 20),
	(51, '12:55:00.000000', 21),
	(51, '13:00:00.000000', 22),
	(52, '13:25:00.000000', 0),
	(52, '13:31:00.000000', 1),
	(52, '13:36:00.000000', 2),
	(52, '13:40:00.000000', 3),
	(52, '13:46:00.000000', 4),
	(52, '13:53:00.000000', 5),
	(52, '13:57:00.000000', 6),
	(52, '14:00:00.000000', 7),
	(52, '14:03:00.000000', 8),
	(52, '14:08:00.000000', 9),
	(52, '14:12:00.000000', 10),
	(52, '14:17:00.000000', 11),
	(52, '14:20:00.000000', 12),
	(52, '14:24:00.000000', 13),
	(52, '14:26:00.000000', 14),
	(52, '14:28:00.000000', 15),
	(52, '14:30:00.000000', 16),
	(52, '14:32:00.000000', 17),
	(52, '14:34:00.000000', 18),
	(52, '14:37:00.000000', 19),
	(52, '14:38:00.000000', 20),
	(52, '14:39:00.000000', 21),
	(52, '14:40:00.000000', 22),
	(53, '17:10:00.000000', 0),
	(53, '17:11:00.000000', 1),
	(53, '17:12:00.000000', 2),
	(53, '17:13:00.000000', 3),
	(53, '17:16:00.000000', 4),
	(53, '17:18:00.000000', 5),
	(53, '17:20:00.000000', 6),
	(53, '17:22:00.000000', 7),
	(53, '17:24:00.000000', 8),
	(53, '17:26:00.000000', 9),
	(53, '17:28:00.000000', 10),
	(53, '17:31:00.000000', 11),
	(53, '17:34:00.000000', 12),
	(53, '17:36:00.000000', 13),
	(53, '17:38:00.000000', 14),
	(53, '17:42:00.000000', 15),
	(53, '17:45:00.000000', 16),
	(53, '17:48:00.000000', 17),
	(53, '17:50:00.000000', 18),
	(53, '17:55:00.000000', 19),
	(53, '17:58:00.000000', 20),
	(53, '18:05:00.000000', 21),
	(53, '18:10:00.000000', 22),
	(54, '18:30:00.000000', 0),
	(54, '18:34:00.000000', 1),
	(54, '18:37:00.000000', 2),
	(54, '18:40:00.000000', 3),
	(54, '18:43:00.000000', 4),
	(54, '18:47:00.000000', 5),
	(54, '18:50:00.000000', 6),
	(54, '18:53:00.000000', 7),
	(54, '18:57:00.000000', 8),
	(54, '19:00:00.000000', 9),
	(54, '19:03:00.000000', 10),
	(54, '19:06:00.000000', 11),
	(54, '19:09:00.000000', 12),
	(54, '19:12:00.000000', 13),
	(54, '19:15:00.000000', 14),
	(54, '19:19:00.000000', 15),
	(54, '19:22:00.000000', 16),
	(54, '19:25:00.000000', 17),
	(54, '19:28:00.000000', 18),
	(54, '19:31:00.000000', 19),
	(54, '19:32:00.000000', 20),
	(54, '19:33:00.000000', 21),
	(54, '19:35:00.000000', 22),
	(55, '06:20:00.000000', 0),
	(55, '06:24:00.000000', 1),
	(55, '06:26:00.000000', 2),
	(55, '06:28:00.000000', 3),
	(55, '06:30:00.000000', 4),
	(55, '06:32:00.000000', 5),
	(55, '06:34:00.000000', 6),
	(55, '06:37:00.000000', 7),
	(55, '06:40:00.000000', 8),
	(55, '06:43:00.000000', 9),
	(55, '06:46:00.000000', 10),
	(55, '06:50:00.000000', 11),
	(56, '06:50:00.000000', 0),
	(56, '06:52:00.000000', 1),
	(56, '06:55:00.000000', 2),
	(56, '07:00:00.000000', 3),
	(56, '07:05:00.000000', 4),
	(56, '07:10:00.000000', 5),
	(56, '07:13:00.000000', 6),
	(56, '07:14:00.000000', 7),
	(56, '07:16:00.000000', 8),
	(56, '07:18:00.000000', 9),
	(56, '07:19:00.000000', 10),
	(56, '07:20:00.000000', 11),
	(57, '07:45:00.000000', 0),
	(57, '07:49:00.000000', 1),
	(57, '07:51:00.000000', 2),
	(57, '07:53:00.000000', 3),
	(57, '07:55:00.000000', 4),
	(57, '07:57:00.000000', 5),
	(57, '07:59:00.000000', 6),
	(57, '08:02:00.000000', 7),
	(57, '08:05:00.000000', 8),
	(57, '08:08:00.000000', 9),
	(57, '08:11:00.000000', 10),
	(57, '08:13:00.000000', 11),
	(58, '08:15:00.000000', 0),
	(58, '08:17:00.000000', 1),
	(58, '08:20:00.000000', 2),
	(58, '08:23:00.000000', 3),
	(58, '08:26:00.000000', 4),
	(58, '08:29:00.000000', 5),
	(58, '08:31:00.000000', 6),
	(58, '08:33:00.000000', 7),
	(58, '08:35:00.000000', 8),
	(58, '08:37:00.000000', 9),
	(58, '08:39:00.000000', 10),
	(58, '08:45:00.000000', 11),
	(59, '11:20:00.000000', 0),
	(59, '11:24:00.000000', 1),
	(59, '11:26:00.000000', 2),
	(59, '11:28:00.000000', 3),
	(59, '11:30:00.000000', 4),
	(59, '11:32:00.000000', 5),
	(59, '11:34:00.000000', 6),
	(59, '11:37:00.000000', 7),
	(59, '11:40:00.000000', 8),
	(59, '11:43:00.000000', 9),
	(59, '11:46:00.000000', 10),
	(59, '11:48:00.000000', 11),
	(60, '11:50:00.000000', 0),
	(60, '11:52:00.000000', 1),
	(60, '11:55:00.000000', 2),
	(60, '11:58:00.000000', 3),
	(60, '12:01:00.000000', 4),
	(60, '12:04:00.000000', 5),
	(60, '12:06:00.000000', 6),
	(60, '12:08:00.000000', 7),
	(60, '12:10:00.000000', 8),
	(60, '12:12:00.000000', 9),
	(60, '12:14:00.000000', 10),
	(60, '12:20:00.000000', 11),
	(61, '11:20:00.000000', 0),
	(61, '11:24:00.000000', 1),
	(61, '11:26:00.000000', 2),
	(61, '11:28:00.000000', 3),
	(61, '11:30:00.000000', 4),
	(61, '11:32:00.000000', 5),
	(61, '11:34:00.000000', 6),
	(61, '11:37:00.000000', 7),
	(61, '11:40:00.000000', 8),
	(61, '11:43:00.000000', 9),
	(61, '11:46:00.000000', 10),
	(61, '11:48:00.000000', 11),
	(62, '13:15:00.000000', 0),
	(62, '13:17:00.000000', 1),
	(62, '13:20:00.000000', 2),
	(62, '13:23:00.000000', 3),
	(62, '13:24:00.000000', 4),
	(62, '13:30:00.000000', 5),
	(62, '13:32:00.000000', 6),
	(62, '13:34:00.000000', 7),
	(62, '13:36:00.000000', 8),
	(62, '13:37:00.000000', 9),
	(62, '13:38:00.000000', 10),
	(62, '13:40:00.000000', 11),
	(63, '06:15:00.000000', 0),
	(63, '06:17:00.000000', 1),
	(63, '06:18:00.000000', 2),
	(63, '06:20:00.000000', 3),
	(63, '06:23:00.000000', 4),
	(63, '06:25:00.000000', 5),
	(63, '06:28:00.000000', 6),
	(63, '06:31:00.000000', 7),
	(63, '06:34:00.000000', 8),
	(63, '06:37:00.000000', 9),
	(63, '06:41:00.000000', 10),
	(63, '06:45:00.000000', 11),
	(64, '06:45:00.000000', 0),
	(64, '06:47:00.000000', 1),
	(64, '06:49:00.000000', 2),
	(64, '06:51:00.000000', 3),
	(64, '06:55:00.000000', 4),
	(64, '06:58:00.000000', 5),
	(64, '07:00:00.000000', 6),
	(64, '07:04:00.000000', 7),
	(64, '07:07:00.000000', 8),
	(64, '07:08:00.000000', 9),
	(64, '07:09:00.000000', 10),
	(64, '07:10:00.000000', 11),
	(65, '15:00:00.000000', 0),
	(65, '15:02:00.000000', 1),
	(65, '15:03:00.000000', 2),
	(65, '15:05:00.000000', 3),
	(65, '15:08:00.000000', 4),
	(65, '15:10:00.000000', 5),
	(65, '15:13:00.000000', 6),
	(65, '15:16:00.000000', 7),
	(65, '15:19:00.000000', 8),
	(65, '15:22:00.000000', 9),
	(65, '15:26:00.000000', 10),
	(65, '15:29:00.000000', 11),
	(66, '15:30:00.000000', 0),
	(66, '15:32:00.000000', 1),
	(66, '15:36:00.000000', 2),
	(66, '15:39:00.000000', 3),
	(66, '15:42:00.000000', 4),
	(66, '15:45:00.000000', 5),
	(66, '15:48:00.000000', 6),
	(66, '15:50:00.000000', 7),
	(66, '15:53:00.000000', 8),
	(66, '15:55:00.000000', 9),
	(66, '15:56:00.000000', 10),
	(66, '15:58:00.000000', 11),
	(67, '17:10:00.000000', 0),
	(67, '17:12:00.000000', 1),
	(67, '17:13:00.000000', 2),
	(67, '17:15:00.000000', 3),
	(67, '17:18:00.000000', 4),
	(67, '17:20:00.000000', 5),
	(67, '17:23:00.000000', 6),
	(67, '17:26:00.000000', 7),
	(67, '17:29:00.000000', 8),
	(67, '17:32:00.000000', 9),
	(67, '17:36:00.000000', 10),
	(67, '17:38:00.000000', 11),
	(68, '17:40:00.000000', 0),
	(68, '17:42:00.000000', 1),
	(68, '17:46:00.000000', 2),
	(68, '17:49:00.000000', 3),
	(68, '17:52:00.000000', 4),
	(68, '17:55:00.000000', 5),
	(68, '17:58:00.000000', 6),
	(68, '18:00:00.000000', 7),
	(68, '18:03:00.000000', 8),
	(68, '18:05:00.000000', 9),
	(68, '18:06:00.000000', 10),
	(68, '18:08:00.000000', 11),
	(69, '07:50:00.000000', 0),
	(69, '07:53:00.000000', 1),
	(69, '07:57:00.000000', 2),
	(69, '08:01:00.000000', 3),
	(69, '08:04:00.000000', 4),
	(69, '08:06:00.000000', 5),
	(69, '08:10:00.000000', 6),
	(69, '08:16:00.000000', 7),
	(69, '08:20:00.000000', 8),
	(69, '08:25:00.000000', 9),
	(69, '08:29:00.000000', 10),
	(69, '08:31:00.000000', 11),
	(69, '08:35:00.000000', 12),
	(69, '08:37:00.000000', 13),
	(69, '08:42:00.000000', 14),
	(69, '08:44:00.000000', 15),
	(69, '08:47:00.000000', 16),
	(69, '08:49:00.000000', 17),
	(69, '08:51:00.000000', 18),
	(69, '08:54:00.000000', 19),
	(69, '08:58:00.000000', 20),
	(69, '09:02:00.000000', 21),
	(69, '09:07:00.000000', 22),
	(69, '09:10:00.000000', 23),
	(70, '09:20:00.000000', 0),
	(70, '09:23:00.000000', 1),
	(70, '09:27:00.000000', 2),
	(70, '09:31:00.000000', 3),
	(70, '09:34:00.000000', 4),
	(70, '09:36:00.000000', 5),
	(70, '09:40:00.000000', 6),
	(70, '09:46:00.000000', 7),
	(70, '09:50:00.000000', 8),
	(70, '09:55:00.000000', 9),
	(70, '09:59:00.000000', 10),
	(70, '10:01:00.000000', 11),
	(70, '10:05:00.000000', 12),
	(70, '10:07:00.000000', 13),
	(70, '10:12:00.000000', 14),
	(70, '10:14:00.000000', 15),
	(70, '10:17:00.000000', 16),
	(70, '10:19:00.000000', 17),
	(70, '10:21:00.000000', 18),
	(70, '10:24:00.000000', 19),
	(70, '10:28:00.000000', 20),
	(70, '10:32:00.000000', 21),
	(70, '10:37:00.000000', 22),
	(70, '10:40:00.000000', 23),
	(71, '10:50:00.000000', 0),
	(71, '10:53:00.000000', 1),
	(71, '10:57:00.000000', 2),
	(71, '11:01:00.000000', 3),
	(71, '11:04:00.000000', 4),
	(71, '11:06:00.000000', 5),
	(71, '11:10:00.000000', 6),
	(71, '11:16:00.000000', 7),
	(71, '11:20:00.000000', 8),
	(71, '11:25:00.000000', 9),
	(71, '11:29:00.000000', 10),
	(71, '11:31:00.000000', 11),
	(71, '11:35:00.000000', 12),
	(71, '11:37:00.000000', 13),
	(71, '11:42:00.000000', 14),
	(71, '11:44:00.000000', 15),
	(71, '11:47:00.000000', 16),
	(71, '11:49:00.000000', 17),
	(71, '11:51:00.000000', 18),
	(71, '11:54:00.000000', 19),
	(71, '11:58:00.000000', 20),
	(71, '12:02:00.000000', 21),
	(71, '12:07:00.000000', 22),
	(71, '12:10:00.000000', 23),
	(72, '12:10:00.000000', 0),
	(72, '12:13:00.000000', 1),
	(72, '12:17:00.000000', 2),
	(72, '12:21:00.000000', 3),
	(72, '12:24:00.000000', 4),
	(72, '12:26:00.000000', 5),
	(72, '12:30:00.000000', 6),
	(72, '12:36:00.000000', 7),
	(72, '12:40:00.000000', 8),
	(72, '12:45:00.000000', 9),
	(72, '12:49:00.000000', 10),
	(72, '12:51:00.000000', 11),
	(72, '12:55:00.000000', 12),
	(72, '12:57:00.000000', 13),
	(72, '13:02:00.000000', 14),
	(72, '13:04:00.000000', 15),
	(72, '13:07:00.000000', 16),
	(72, '13:09:00.000000', 17),
	(72, '13:11:00.000000', 18),
	(72, '13:14:00.000000', 19),
	(72, '13:18:00.000000', 20),
	(72, '13:22:00.000000', 21),
	(72, '13:27:00.000000', 22),
	(72, '13:30:00.000000', 23),
	(73, '13:40:00.000000', 0),
	(73, '13:43:00.000000', 1),
	(73, '13:47:00.000000', 2),
	(73, '13:51:00.000000', 3),
	(73, '13:54:00.000000', 4),
	(73, '13:56:00.000000', 5),
	(73, '14:00:00.000000', 6),
	(73, '14:06:00.000000', 7),
	(73, '14:10:00.000000', 8),
	(73, '14:15:00.000000', 9),
	(73, '14:19:00.000000', 10),
	(73, '14:21:00.000000', 11),
	(73, '14:25:00.000000', 12),
	(73, '14:27:00.000000', 13),
	(73, '14:32:00.000000', 14),
	(73, '14:34:00.000000', 15),
	(73, '14:37:00.000000', 16),
	(73, '14:39:00.000000', 17),
	(73, '14:41:00.000000', 18),
	(73, '14:44:00.000000', 19),
	(73, '14:48:00.000000', 20),
	(73, '14:52:00.000000', 21),
	(73, '14:57:00.000000', 22),
	(73, '15:00:00.000000', 23),
	(74, '16:00:00.000000', 0),
	(74, '16:03:00.000000', 1),
	(74, '16:07:00.000000', 2),
	(74, '16:11:00.000000', 3),
	(74, '16:14:00.000000', 4),
	(74, '16:16:00.000000', 5),
	(74, '16:20:00.000000', 6),
	(74, '16:26:00.000000', 7),
	(74, '16:30:00.000000', 8),
	(74, '16:35:00.000000', 9),
	(74, '16:39:00.000000', 10),
	(74, '16:41:00.000000', 11),
	(74, '16:45:00.000000', 12),
	(74, '16:47:00.000000', 13),
	(74, '16:52:00.000000', 14),
	(74, '16:54:00.000000', 15),
	(74, '16:57:00.000000', 16),
	(74, '16:59:00.000000', 17),
	(74, '17:01:00.000000', 18),
	(74, '17:04:00.000000', 19),
	(74, '17:08:00.000000', 20),
	(74, '17:12:00.000000', 21),
	(74, '17:17:00.000000', 22),
	(74, '17:20:00.000000', 23),
	(75, '07:50:00.000000', 0),
	(75, '07:53:00.000000', 1),
	(75, '07:57:00.000000', 2),
	(75, '08:01:00.000000', 3),
	(75, '08:04:00.000000', 4),
	(75, '08:06:00.000000', 5),
	(75, '08:10:00.000000', 6),
	(75, '08:16:00.000000', 7),
	(75, '08:20:00.000000', 8),
	(75, '08:25:00.000000', 9),
	(75, '08:29:00.000000', 10),
	(75, '08:31:00.000000', 11),
	(75, '08:35:00.000000', 12),
	(75, '08:37:00.000000', 13),
	(75, '08:42:00.000000', 14),
	(75, '08:51:00.000000', 15),
	(75, '08:54:00.000000', 16),
	(75, '08:58:00.000000', 17),
	(75, '09:02:00.000000', 18),
	(75, '09:07:00.000000', 19),
	(75, '09:10:00.000000', 20),
	(76, '09:20:00.000000', 0),
	(76, '09:23:00.000000', 1),
	(76, '09:27:00.000000', 2),
	(76, '09:31:00.000000', 3),
	(76, '09:34:00.000000', 4),
	(76, '09:36:00.000000', 5),
	(76, '09:40:00.000000', 6),
	(76, '09:46:00.000000', 7),
	(76, '09:50:00.000000', 8),
	(76, '09:55:00.000000', 9),
	(76, '09:59:00.000000', 10),
	(76, '10:01:00.000000', 11),
	(76, '10:05:00.000000', 12),
	(76, '10:07:00.000000', 13),
	(76, '10:12:00.000000', 14),
	(76, '10:21:00.000000', 15),
	(76, '10:24:00.000000', 16),
	(76, '10:28:00.000000', 17),
	(76, '10:32:00.000000', 18),
	(76, '10:37:00.000000', 19),
	(76, '10:40:00.000000', 20),
	(77, '10:50:00.000000', 0),
	(77, '10:53:00.000000', 1),
	(77, '10:57:00.000000', 2),
	(77, '11:01:00.000000', 3),
	(77, '11:04:00.000000', 4),
	(77, '11:06:00.000000', 5),
	(77, '11:10:00.000000', 6),
	(77, '11:16:00.000000', 7),
	(77, '11:20:00.000000', 8),
	(77, '11:25:00.000000', 9),
	(77, '11:29:00.000000', 10),
	(77, '11:31:00.000000', 11),
	(77, '11:35:00.000000', 12),
	(77, '11:37:00.000000', 13),
	(77, '11:42:00.000000', 14),
	(77, '11:51:00.000000', 15),
	(77, '11:54:00.000000', 16),
	(77, '11:58:00.000000', 17),
	(77, '12:02:00.000000', 18),
	(77, '12:07:00.000000', 19),
	(77, '12:10:00.000000', 20),
	(78, '12:10:00.000000', 0),
	(78, '12:13:00.000000', 1),
	(78, '12:17:00.000000', 2),
	(78, '12:21:00.000000', 3),
	(78, '12:24:00.000000', 4),
	(78, '12:26:00.000000', 5),
	(78, '12:30:00.000000', 6),
	(78, '12:36:00.000000', 7),
	(78, '12:40:00.000000', 8),
	(78, '12:45:00.000000', 9),
	(78, '12:49:00.000000', 10),
	(78, '12:51:00.000000', 11),
	(78, '12:55:00.000000', 12),
	(78, '12:57:00.000000', 13),
	(78, '13:02:00.000000', 14),
	(78, '13:11:00.000000', 15),
	(78, '13:14:00.000000', 16),
	(78, '13:18:00.000000', 17),
	(78, '13:22:00.000000', 18),
	(78, '13:27:00.000000', 19),
	(78, '13:30:00.000000', 20),
	(79, '13:40:00.000000', 0),
	(79, '13:43:00.000000', 1),
	(79, '13:47:00.000000', 2),
	(79, '13:51:00.000000', 3),
	(79, '13:54:00.000000', 4),
	(79, '13:56:00.000000', 5),
	(79, '14:00:00.000000', 6),
	(79, '14:06:00.000000', 7),
	(79, '14:10:00.000000', 8),
	(79, '14:15:00.000000', 9),
	(79, '14:19:00.000000', 10),
	(79, '14:21:00.000000', 11),
	(79, '14:25:00.000000', 12),
	(79, '14:27:00.000000', 13),
	(79, '14:32:00.000000', 14),
	(79, '14:41:00.000000', 15),
	(79, '14:44:00.000000', 16),
	(79, '14:48:00.000000', 17),
	(79, '14:52:00.000000', 18),
	(79, '14:57:00.000000', 19),
	(79, '15:00:00.000000', 20),
	(80, '16:00:00.000000', 0),
	(80, '16:03:00.000000', 1),
	(80, '16:07:00.000000', 2),
	(80, '16:11:00.000000', 3),
	(80, '16:14:00.000000', 4),
	(80, '16:16:00.000000', 5),
	(80, '16:20:00.000000', 6),
	(80, '16:26:00.000000', 7),
	(80, '16:30:00.000000', 8),
	(80, '16:35:00.000000', 9),
	(80, '16:39:00.000000', 10),
	(80, '16:41:00.000000', 11),
	(80, '16:45:00.000000', 12),
	(80, '16:47:00.000000', 13),
	(80, '16:52:00.000000', 14),
	(80, '17:01:00.000000', 15),
	(80, '17:04:00.000000', 16),
	(80, '17:08:00.000000', 17),
	(80, '17:12:00.000000', 18),
	(80, '17:17:00.000000', 19),
	(80, '17:20:00.000000', 20),
	(81, '07:20:00.000000', 0),
	(81, '07:22:00.000000', 1),
	(81, '07:24:00.000000', 2),
	(81, '07:25:00.000000', 3),
	(81, '07:29:00.000000', 4),
	(81, '07:30:00.000000', 5),
	(81, '07:33:00.000000', 6),
	(81, '07:35:00.000000', 7),
	(81, '07:38:00.000000', 8),
	(81, '07:40:00.000000', 9),
	(81, '07:42:00.000000', 10),
	(81, '07:45:00.000000', 11),
	(81, '07:48:00.000000', 12),
	(81, '07:49:00.000000', 13),
	(81, '07:50:00.000000', 14),
	(81, '07:51:00.000000', 15),
	(81, '07:53:00.000000', 16),
	(81, '07:54:00.000000', 17),
	(81, '07:55:00.000000', 18),
	(81, '07:57:00.000000', 19),
	(81, '07:59:00.000000', 20),
	(81, '08:02:00.000000', 21),
	(81, '08:04:00.000000', 22),
	(81, '08:05:00.000000', 23),
	(82, '08:05:00.000000', 0),
	(82, '08:06:00.000000', 1),
	(82, '08:08:00.000000', 2),
	(82, '08:12:00.000000', 3),
	(82, '08:15:00.000000', 4),
	(82, '08:20:00.000000', 5),
	(82, '08:22:00.000000', 6),
	(82, '08:26:00.000000', 7),
	(82, '08:34:00.000000', 8),
	(82, '08:42:00.000000', 9),
	(82, '08:45:00.000000', 10),
	(82, '08:48:00.000000', 11),
	(82, '08:53:00.000000', 12),
	(82, '08:55:00.000000', 13),
	(82, '09:00:00.000000', 14),
	(82, '09:06:00.000000', 15),
	(82, '09:09:00.000000', 16),
	(82, '09:12:00.000000', 17),
	(82, '09:13:00.000000', 18),
	(82, '09:20:00.000000', 19),
	(83, '13:30:00.000000', 0),
	(83, '13:32:00.000000', 1),
	(83, '13:35:00.000000', 2),
	(83, '13:38:00.000000', 3),
	(83, '13:41:00.000000', 4),
	(83, '13:49:00.000000', 5),
	(83, '13:52:00.000000', 6),
	(83, '13:56:00.000000', 7),
	(83, '13:59:00.000000', 8),
	(83, '14:02:00.000000', 9),
	(83, '14:05:00.000000', 10),
	(83, '14:10:00.000000', 11),
	(83, '14:15:00.000000', 12),
	(83, '14:20:00.000000', 13),
	(83, '14:30:00.000000', 14),
	(83, '14:32:00.000000', 15),
	(83, '14:35:00.000000', 16),
	(83, '14:38:00.000000', 17),
	(83, '14:40:00.000000', 18),
	(83, '14:45:00.000000', 19),
	(84, '14:45:00.000000', 0),
	(84, '14:47:00.000000', 1),
	(84, '14:49:00.000000', 2),
	(84, '14:51:00.000000', 3),
	(84, '14:55:00.000000', 4),
	(84, '15:00:00.000000', 5),
	(84, '15:01:00.000000', 6),
	(84, '15:02:00.000000', 7),
	(84, '15:03:00.000000', 8),
	(84, '15:05:00.000000', 9),
	(84, '15:07:00.000000', 10),
	(84, '15:08:00.000000', 11),
	(84, '15:10:00.000000', 12),
	(84, '15:12:00.000000', 13),
	(84, '15:13:00.000000', 14),
	(84, '15:14:00.000000', 15),
	(84, '15:15:00.000000', 16),
	(84, '15:18:00.000000', 17),
	(84, '15:22:00.000000', 18),
	(84, '15:25:00.000000', 19),
	(84, '15:27:00.000000', 20),
	(84, '15:30:00.000000', 21),
	(84, '15:32:00.000000', 22),
	(84, '15:35:00.000000', 23),
	(85, '08:10:00.000000', 0),
	(85, '08:14:00.000000', 1),
	(85, '08:16:00.000000', 2),
	(85, '08:18:00.000000', 3),
	(85, '08:20:00.000000', 4),
	(85, '08:22:00.000000', 5),
	(85, '08:24:00.000000', 6),
	(85, '08:27:00.000000', 7),
	(85, '08:30:00.000000', 8),
	(85, '08:32:00.000000', 9),
	(85, '08:37:00.000000', 10),
	(85, '08:40:00.000000', 11),
	(86, '08:40:00.000000', 0),
	(86, '08:43:00.000000', 1),
	(86, '08:48:00.000000', 2),
	(86, '08:50:00.000000', 3),
	(86, '08:53:00.000000', 4),
	(86, '08:56:00.000000', 5),
	(86, '08:58:00.000000', 6),
	(86, '09:00:00.000000', 7),
	(86, '09:02:00.000000', 8),
	(86, '09:04:00.000000', 9),
	(86, '09:06:00.000000', 10),
	(86, '09:10:00.000000', 11),
	(87, '14:00:00.000000', 0),
	(87, '14:04:00.000000', 1),
	(87, '14:06:00.000000', 2),
	(87, '14:08:00.000000', 3),
	(87, '14:10:00.000000', 4),
	(87, '14:12:00.000000', 5),
	(87, '14:14:00.000000', 6),
	(87, '14:17:00.000000', 7),
	(87, '14:20:00.000000', 8),
	(87, '14:22:00.000000', 9),
	(87, '14:27:00.000000', 10),
	(87, '14:30:00.000000', 11),
	(88, '14:30:00.000000', 0),
	(88, '14:33:00.000000', 1),
	(88, '14:38:00.000000', 2),
	(88, '14:40:00.000000', 3),
	(88, '14:43:00.000000', 4),
	(88, '14:46:00.000000', 5),
	(88, '14:48:00.000000', 6),
	(88, '14:50:00.000000', 7),
	(88, '14:52:00.000000', 8),
	(88, '14:54:00.000000', 9),
	(88, '14:56:00.000000', 10),
	(88, '15:00:00.000000', 11),
	(90, '09:30:00.000000', 0),
	(90, '09:31:00.000000', 1),
	(90, '09:33:00.000000', 2),
	(90, '09:35:00.000000', 3),
	(90, '09:37:00.000000', 4),
	(90, '09:39:00.000000', 5),
	(90, '09:41:00.000000', 6),
	(90, '09:43:00.000000', 7),
	(90, '09:45:00.000000', 8),
	(90, '09:47:00.000000', 9),
	(91, '09:50:00.000000', 0),
	(91, '09:52:00.000000', 1),
	(91, '09:53:00.000000', 2),
	(91, '09:54:00.000000', 3),
	(91, '09:56:00.000000', 4),
	(91, '09:58:00.000000', 5),
	(91, '10:00:00.000000', 6),
	(91, '10:03:00.000000', 7),
	(91, '10:05:00.000000', 8),
	(92, '12:30:00.000000', 0),
	(92, '12:31:00.000000', 1),
	(92, '12:33:00.000000', 2),
	(92, '12:35:00.000000', 3),
	(92, '12:37:00.000000', 4),
	(92, '12:39:00.000000', 5),
	(92, '12:41:00.000000', 6),
	(92, '12:43:00.000000', 7),
	(92, '12:45:00.000000', 8),
	(92, '12:47:00.000000', 9),
	(93, '12:47:00.000000', 0),
	(93, '12:48:00.000000', 1),
	(93, '12:49:00.000000', 2),
	(93, '12:50:00.000000', 3),
	(93, '12:52:00.000000', 4),
	(93, '12:56:00.000000', 5),
	(93, '12:58:00.000000', 6),
	(93, '12:59:00.000000', 7),
	(93, '13:00:00.000000', 8),
	(94, '14:45:00.000000', 0),
	(94, '14:46:00.000000', 1),
	(94, '14:48:00.000000', 2),
	(94, '14:50:00.000000', 3),
	(94, '14:52:00.000000', 4),
	(94, '14:55:00.000000', 5),
	(94, '14:57:00.000000', 6),
	(94, '14:59:00.000000', 7),
	(94, '15:00:00.000000', 8),
	(95, '15:00:00.000000', 0),
	(95, '15:02:00.000000', 1),
	(95, '15:05:00.000000', 2),
	(95, '15:07:00.000000', 3),
	(95, '15:09:00.000000', 4),
	(95, '15:12:00.000000', 5),
	(95, '15:13:00.000000', 6),
	(95, '15:14:00.000000', 7),
	(95, '15:15:00.000000', 8),
	(96, '16:15:00.000000', 0),
	(96, '16:16:00.000000', 1),
	(96, '16:18:00.000000', 2),
	(96, '16:20:00.000000', 3),
	(96, '16:22:00.000000', 4),
	(96, '16:25:00.000000', 5),
	(96, '16:27:00.000000', 6),
	(96, '16:29:00.000000', 7),
	(96, '16:30:00.000000', 8),
	(97, '16:30:00.000000', 0),
	(97, '16:32:00.000000', 1),
	(97, '16:35:00.000000', 2),
	(97, '16:37:00.000000', 3),
	(97, '16:39:00.000000', 4),
	(97, '16:42:00.000000', 5),
	(97, '16:44:00.000000', 6),
	(97, '16:46:00.000000', 7),
	(97, '16:48:00.000000', 8),
	(97, '16:50:00.000000', 9),
	(98, '06:30:00.000000', 0),
	(98, '06:31:00.000000', 1),
	(98, '06:32:00.000000', 2),
	(98, '06:33:00.000000', 3),
	(98, '06:34:00.000000', 4),
	(98, '06:35:00.000000', 5),
	(98, '06:36:00.000000', 6),
	(98, '06:37:00.000000', 7),
	(98, '06:39:00.000000', 8),
	(98, '06:41:00.000000', 9),
	(98, '06:45:00.000000', 10),
	(98, '06:48:00.000000', 11),
	(98, '06:50:00.000000', 12),
	(98, '06:55:00.000000', 13),
	(98, '06:58:00.000000', 14),
	(98, '07:04:00.000000', 15),
	(99, '07:05:00.000000', 0),
	(99, '07:10:00.000000', 1),
	(99, '07:12:00.000000', 2),
	(99, '07:15:00.000000', 3),
	(99, '07:17:00.000000', 4),
	(99, '07:20:00.000000', 5),
	(99, '07:22:00.000000', 6),
	(99, '07:24:00.000000', 7),
	(99, '07:27:00.000000', 8),
	(99, '07:30:00.000000', 9),
	(99, '07:33:00.000000', 10),
	(99, '07:35:00.000000', 11),
	(99, '07:38:00.000000', 12),
	(99, '07:40:00.000000', 13),
	(99, '07:42:00.000000', 14),
	(99, '07:46:00.000000', 15),
	(99, '07:47:00.000000', 16),
	(99, '07:50:00.000000', 17),
	(100, '09:15:00.000000', 0),
	(100, '09:17:00.000000', 1),
	(100, '09:19:00.000000', 2),
	(100, '09:22:00.000000', 3),
	(100, '09:25:00.000000', 4),
	(100, '09:28:00.000000', 5),
	(100, '09:31:00.000000', 6),
	(100, '09:34:00.000000', 7),
	(100, '09:39:00.000000', 8),
	(100, '09:43:00.000000', 9),
	(100, '09:46:00.000000', 10),
	(100, '09:48:00.000000', 11),
	(100, '09:49:00.000000', 12),
	(100, '09:51:00.000000', 13),
	(100, '09:53:00.000000', 14),
	(100, '09:57:00.000000', 15),
	(101, '09:57:00.000000', 0),
	(101, '10:01:00.000000', 1),
	(101, '10:03:00.000000', 2),
	(101, '10:05:00.000000', 3),
	(101, '10:06:00.000000', 4),
	(101, '10:08:00.000000', 5),
	(101, '10:10:00.000000', 6),
	(101, '10:12:00.000000', 7),
	(101, '10:15:00.000000', 8),
	(101, '10:17:00.000000', 9),
	(101, '10:20:00.000000', 10),
	(101, '10:21:00.000000', 11),
	(101, '10:22:00.000000', 12),
	(101, '10:23:00.000000', 13),
	(101, '10:24:00.000000', 14),
	(101, '10:25:00.000000', 15),
	(102, '14:00:00.000000', 0),
	(102, '14:01:00.000000', 1),
	(102, '14:02:00.000000', 2),
	(102, '14:05:00.000000', 3),
	(102, '14:08:00.000000', 4),
	(102, '14:09:00.000000', 5),
	(102, '14:11:00.000000', 6),
	(102, '14:12:00.000000', 7),
	(102, '14:14:00.000000', 8),
	(102, '14:16:00.000000', 9),
	(102, '14:19:00.000000', 10),
	(102, '14:21:00.000000', 11),
	(102, '14:22:00.000000', 12),
	(102, '14:25:00.000000', 13),
	(102, '14:28:00.000000', 14),
	(102, '14:30:00.000000', 15),
	(103, '14:40:00.000000', 0),
	(103, '14:42:00.000000', 1),
	(103, '14:45:00.000000', 2),
	(103, '14:47:00.000000', 3),
	(103, '14:48:00.000000', 4),
	(103, '14:50:00.000000', 5),
	(103, '14:53:00.000000', 6),
	(103, '14:56:00.000000', 7),
	(103, '14:59:00.000000', 8),
	(103, '15:02:00.000000', 9),
	(103, '15:04:00.000000', 10),
	(103, '15:06:00.000000', 11),
	(103, '15:07:00.000000', 12),
	(103, '15:08:00.000000', 13),
	(103, '15:09:00.000000', 14),
	(103, '15:10:00.000000', 15),
	(104, '15:10:00.000000', 0),
	(104, '15:12:00.000000', 1),
	(104, '15:14:00.000000', 2),
	(104, '15:15:00.000000', 3),
	(104, '15:17:00.000000', 4),
	(104, '15:19:00.000000', 5),
	(104, '15:22:00.000000', 6),
	(104, '15:24:00.000000', 7),
	(104, '15:26:00.000000', 8),
	(104, '15:25:00.000000', 9),
	(104, '15:30:00.000000', 10),
	(104, '15:32:00.000000', 11),
	(104, '15:35:00.000000', 12),
	(104, '15:37:00.000000', 13),
	(104, '15:39:00.000000', 14),
	(104, '15:42:00.000000', 15),
	(104, '15:43:00.000000', 16),
	(104, '15:45:00.000000', 17),
	(105, '15:46:00.000000', 0),
	(105, '15:48:00.000000', 1),
	(105, '15:49:00.000000', 2),
	(105, '15:50:00.000000', 3),
	(105, '15:51:00.000000', 4),
	(105, '15:53:00.000000', 5),
	(105, '15:55:00.000000', 6),
	(105, '15:57:00.000000', 7),
	(105, '15:59:00.000000', 8),
	(105, '16:01:00.000000', 9),
	(105, '16:03:00.000000', 10),
	(105, '16:04:00.000000', 11),
	(105, '16:05:00.000000', 12),
	(105, '16:07:00.000000', 13),
	(105, '16:09:00.000000', 14),
	(105, '16:10:00.000000', 15),
	(106, '17:10:00.000000', 0),
	(106, '17:12:00.000000', 1),
	(106, '17:14:00.000000', 2),
	(106, '17:15:00.000000', 3),
	(106, '17:17:00.000000', 4),
	(106, '17:19:00.000000', 5),
	(106, '17:22:00.000000', 6),
	(106, '17:24:00.000000', 7),
	(106, '17:27:00.000000', 8),
	(106, '17:31:00.000000', 9),
	(106, '17:34:00.000000', 10),
	(106, '17:36:00.000000', 11),
	(106, '17:38:00.000000', 12),
	(106, '17:42:00.000000', 13),
	(106, '17:45:00.000000', 14),
	(106, '17:48:00.000000', 15),
	(106, '17:50:00.000000', 16),
	(106, '17:54:00.000000', 17),
	(107, '17:55:00.000000', 0),
	(107, '17:57:00.000000', 1),
	(107, '17:59:00.000000', 2),
	(107, '18:01:00.000000', 3),
	(107, '18:03:00.000000', 4),
	(107, '18:05:00.000000', 5),
	(107, '18:07:00.000000', 6),
	(107, '18:09:00.000000', 7),
	(107, '18:10:00.000000', 8),
	(107, '18:12:00.000000', 9),
	(107, '18:14:00.000000', 10),
	(107, '18:15:00.000000', 11),
	(107, '18:16:00.000000', 12),
	(107, '18:18:00.000000', 13),
	(107, '18:19:00.000000', 14),
	(107, '18:20:00.000000', 15),
	(108, '05:30:00.000000', 0),
	(108, '05:32:00.000000', 1),
	(108, '05:34:00.000000', 2),
	(108, '05:37:00.000000', 3),
	(108, '05:40:00.000000', 4),
	(108, '05:42:00.000000', 5),
	(108, '05:45:00.000000', 6),
	(108, '05:47:00.000000', 7),
	(108, '05:50:00.000000', 8),
	(108, '05:53:00.000000', 9),
	(108, '05:57:00.000000', 10),
	(108, '06:00:00.000000', 11),
	(108, '06:03:00.000000', 12),
	(108, '06:06:00.000000', 13),
	(108, '06:09:00.000000', 14),
	(108, '06:15:00.000000', 15),
	(109, '06:25:00.000000', 0),
	(109, '06:32:00.000000', 1),
	(109, '06:35:00.000000', 2),
	(109, '06:38:00.000000', 3),
	(109, '06:41:00.000000', 4),
	(109, '06:45:00.000000', 5),
	(109, '06:50:00.000000', 6),
	(109, '06:55:00.000000', 7),
	(109, '07:00:00.000000', 8),
	(109, '07:03:00.000000', 9),
	(109, '07:08:00.000000', 10),
	(109, '07:11:00.000000', 11),
	(109, '07:15:00.000000', 12),
	(109, '07:17:00.000000', 13),
	(109, '07:18:00.000000', 14),
	(109, '07:20:00.000000', 15),
	(110, '08:45:00.000000', 0),
	(110, '08:47:00.000000', 1),
	(110, '08:48:00.000000', 2),
	(110, '08:50:00.000000', 3),
	(110, '08:55:00.000000', 4),
	(110, '08:57:00.000000', 5),
	(110, '09:00:00.000000', 6),
	(111, '09:00:00.000000', 0),
	(111, '09:03:00.000000', 1),
	(111, '09:05:00.000000', 2),
	(111, '09:08:00.000000', 3),
	(111, '09:10:00.000000', 4),
	(111, '09:18:00.000000', 5),
	(111, '09:20:00.000000', 6),
	(112, '10:20:00.000000', 0),
	(112, '10:22:00.000000', 1),
	(112, '10:25:00.000000', 2),
	(112, '10:27:00.000000', 3),
	(112, '10:30:00.000000', 4),
	(112, '10:35:00.000000', 5),
	(112, '10:40:00.000000', 6),
	(113, '10:40:00.000000', 0),
	(113, '10:44:00.000000', 1),
	(113, '10:46:00.000000', 2),
	(113, '10:50:00.000000', 3),
	(113, '10:53:00.000000', 4),
	(113, '10:55:00.000000', 5),
	(113, '11:00:00.000000', 6),
	(114, '14:00:00.000000', 0),
	(114, '14:05:00.000000', 1),
	(114, '14:08:00.000000', 2),
	(114, '14:12:00.000000', 3),
	(114, '14:15:00.000000', 4),
	(114, '14:19:00.000000', 5),
	(114, '14:20:00.000000', 6),
	(115, '14:20:00.000000', 0),
	(115, '14:21:00.000000', 1),
	(115, '14:25:00.000000', 2),
	(115, '14:28:00.000000', 3),
	(115, '14:32:00.000000', 4),
	(115, '14:35:00.000000', 5),
	(115, '14:40:00.000000', 6),
	(116, '14:55:00.000000', 0),
	(116, '15:00:00.000000', 1),
	(116, '15:03:00.000000', 2),
	(116, '15:07:00.000000', 3),
	(116, '15:10:00.000000', 4),
	(116, '15:14:00.000000', 5),
	(116, '15:15:00.000000', 6),
	(117, '15:15:00.000000', 0),
	(117, '15:18:00.000000', 1),
	(117, '15:20:00.000000', 2),
	(117, '15:25:00.000000', 3),
	(117, '15:30:00.000000', 4),
	(117, '15:32:00.000000', 5),
	(117, '15:35:00.000000', 6),
	(118, '16:55:00.000000', 0),
	(118, '17:00:00.000000', 1),
	(118, '17:03:00.000000', 2),
	(118, '17:07:00.000000', 3),
	(118, '17:10:00.000000', 4),
	(118, '17:14:00.000000', 5),
	(118, '17:16:00.000000', 6),
	(119, '17:16:00.000000', 0),
	(119, '17:18:00.000000', 1),
	(119, '17:22:00.000000', 2),
	(119, '17:25:00.000000', 3),
	(119, '17:29:00.000000', 4),
	(119, '17:32:00.000000', 5),
	(119, '17:37:00.000000', 6),
	(120, '05:50:00.000000', 0),
	(120, '05:52:00.000000', 1),
	(120, '05:54:00.000000', 2),
	(120, '05:57:00.000000', 3),
	(120, '05:59:00.000000', 4),
	(120, '06:01:00.000000', 5),
	(120, '06:03:00.000000', 6),
	(120, '06:06:00.000000', 7),
	(120, '06:08:00.000000', 8),
	(120, '06:12:00.000000', 9),
	(120, '06:15:00.000000', 10),
	(120, '06:17:00.000000', 11),
	(120, '06:19:00.000000', 12),
	(120, '06:20:00.000000', 13),
	(120, '06:22:00.000000', 14),
	(120, '06:24:00.000000', 15),
	(120, '06:26:00.000000', 16),
	(120, '06:30:00.000000', 17),
	(121, '06:30:00.000000', 0),
	(121, '06:40:00.000000', 1),
	(121, '06:43:00.000000', 2),
	(121, '07:00:00.000000', 3),
	(121, '07:10:00.000000', 4),
	(121, '07:15:00.000000', 5),
	(121, '07:20:00.000000', 6),
	(121, '07:30:00.000000', 7),
	(121, '07:40:00.000000', 8),
	(121, '07:42:00.000000', 9),
	(121, '07:45:00.000000', 10),
	(121, '07:50:00.000000', 11),
	(121, '08:00:00.000000', 12),
	(121, '08:02:00.000000', 13),
	(121, '08:05:00.000000', 14),
	(121, '08:08:00.000000', 15),
	(121, '08:12:00.000000', 16),
	(121, '08:15:00.000000', 17),
	(121, '08:18:00.000000', 18),
	(121, '08:22:00.000000', 19),
	(121, '08:25:00.000000', 20),
	(121, '08:27:00.000000', 21),
	(121, '08:30:00.000000', 22),
	(121, '08:35:00.000000', 23),
	(121, '08:37:00.000000', 24),
	(121, '08:38:00.000000', 25),
	(121, '08:40:00.000000', 26),
	(121, '08:42:00.000000', 27),
	(121, '08:44:00.000000', 28),
	(121, '08:46:00.000000', 29),
	(121, '08:48:00.000000', 30),
	(121, '08:50:00.000000', 31),
	(121, '08:52:00.000000', 32),
	(121, '08:55:00.000000', 33),
	(122, '07:50:00.000000', 0),
	(122, '07:52:00.000000', 1),
	(122, '07:54:00.000000', 2),
	(122, '07:55:00.000000', 3),
	(122, '07:58:00.000000', 4),
	(122, '08:00:00.000000', 5),
	(122, '08:02:00.000000', 6),
	(122, '08:05:00.000000', 7),
	(122, '08:07:00.000000', 8),
	(122, '08:08:00.000000', 9),
	(122, '08:10:00.000000', 10),
	(122, '08:12:00.000000', 11),
	(122, '08:17:00.000000', 12),
	(122, '08:22:00.000000', 13),
	(122, '08:24:00.000000', 14),
	(122, '08:26:00.000000', 15),
	(122, '08:27:00.000000', 16),
	(122, '08:30:00.000000', 17),
	(123, '08:30:00.000000', 0),
	(123, '08:38:00.000000', 1),
	(123, '08:48:00.000000', 2),
	(123, '08:55:00.000000', 3),
	(123, '09:00:00.000000', 4),
	(123, '09:05:00.000000', 5),
	(123, '09:10:00.000000', 6),
	(123, '09:15:00.000000', 7),
	(123, '09:18:00.000000', 8),
	(123, '09:20:00.000000', 9),
	(123, '09:23:00.000000', 10),
	(123, '09:25:00.000000', 11),
	(123, '09:30:00.000000', 12),
	(123, '09:35:00.000000', 13),
	(123, '09:38:00.000000', 14),
	(123, '09:43:00.000000', 15),
	(123, '09:46:00.000000', 16),
	(123, '09:48:00.000000', 17),
	(123, '09:50:00.000000', 18),
	(123, '09:52:00.000000', 19),
	(123, '09:54:00.000000', 20),
	(123, '09:56:00.000000', 21),
	(123, '09:58:00.000000', 22),
	(123, '10:00:00.000000', 23),
	(123, '10:02:00.000000', 24),
	(123, '10:05:00.000000', 25),
	(123, '10:06:00.000000', 26),
	(123, '10:07:00.000000', 27),
	(123, '10:10:00.000000', 28),
	(124, '14:20:00.000000', 0),
	(124, '14:23:00.000000', 1),
	(124, '14:26:00.000000', 2),
	(124, '14:29:00.000000', 3),
	(124, '14:31:00.000000', 4),
	(124, '14:33:00.000000', 5),
	(124, '14:35:00.000000', 6),
	(124, '14:38:00.000000', 7),
	(124, '14:40:00.000000', 8),
	(124, '14:42:00.000000', 9),
	(124, '14:45:00.000000', 10),
	(124, '14:50:00.000000', 11),
	(124, '14:52:00.000000', 12),
	(124, '14:54:00.000000', 13),
	(124, '14:56:00.000000', 14),
	(124, '14:58:00.000000', 15),
	(124, '15:00:00.000000', 16),
	(124, '15:02:00.000000', 17),
	(124, '15:04:00.000000', 18),
	(124, '15:06:00.000000', 19),
	(124, '15:08:00.000000', 20),
	(124, '15:10:00.000000', 21),
	(124, '15:22:00.000000', 22),
	(124, '15:25:00.000000', 23),
	(124, '15:30:00.000000', 24),
	(124, '15:35:00.000000', 25),
	(124, '15:40:00.000000', 26),
	(124, '15:45:00.000000', 27),
	(124, '16:00:00.000000', 28),
	(125, '16:00:00.000000', 0),
	(125, '16:02:00.000000', 1),
	(125, '16:04:00.000000', 2),
	(125, '16:08:00.000000', 3),
	(125, '16:10:00.000000', 4),
	(125, '16:15:00.000000', 5),
	(125, '16:18:00.000000', 6),
	(125, '16:20:00.000000', 7),
	(125, '16:22:00.000000', 8),
	(125, '16:23:00.000000', 9),
	(125, '16:25:00.000000', 10),
	(125, '16:28:00.000000', 11),
	(125, '16:30:00.000000', 12),
	(125, '16:33:00.000000', 13),
	(125, '16:35:00.000000', 14),
	(125, '16:37:00.000000', 15),
	(125, '16:38:00.000000', 16),
	(125, '16:40:00.000000', 17),
	(126, '07:50:00.000000', 0),
	(126, '07:52:00.000000', 1),
	(126, '07:53:00.000000', 2),
	(126, '07:55:00.000000', 3),
	(126, '07:57:00.000000', 4),
	(126, '07:59:00.000000', 5),
	(126, '08:01:00.000000', 6),
	(126, '08:03:00.000000', 7),
	(126, '08:05:00.000000', 8),
	(126, '08:08:00.000000', 9),
	(126, '08:10:00.000000', 10),
	(126, '08:13:00.000000', 11),
	(126, '08:19:00.000000', 12),
	(126, '08:25:00.000000', 13),
	(126, '08:31:00.000000', 14),
	(126, '08:35:00.000000', 15),
	(127, '08:45:00.000000', 0),
	(127, '08:49:00.000000', 1),
	(127, '08:55:00.000000', 2),
	(127, '09:01:00.000000', 3),
	(127, '09:07:00.000000', 4),
	(127, '09:10:00.000000', 5),
	(127, '09:15:00.000000', 6),
	(127, '09:17:00.000000', 7),
	(127, '09:20:00.000000', 8),
	(127, '09:22:00.000000', 9),
	(127, '09:24:00.000000', 10),
	(127, '09:26:00.000000', 11),
	(127, '09:28:00.000000', 12),
	(127, '09:30:00.000000', 13),
	(127, '09:32:00.000000', 14),
	(127, '09:33:00.000000', 15),
	(127, '09:35:00.000000', 16),
	(128, '12:40:00.000000', 0),
	(128, '12:42:00.000000', 1),
	(128, '12:43:00.000000', 2),
	(128, '12:45:00.000000', 3),
	(128, '12:49:00.000000', 4),
	(128, '12:51:00.000000', 5),
	(128, '12:55:00.000000', 6),
	(128, '12:57:00.000000', 7),
	(128, '12:58:00.000000', 8),
	(128, '12:59:00.000000', 9),
	(128, '13:00:00.000000', 10),
	(128, '13:03:00.000000', 11),
	(128, '13:09:00.000000', 12),
	(128, '13:14:00.000000', 13),
	(128, '13:20:00.000000', 14),
	(128, '13:25:00.000000', 15),
	(129, '13:25:00.000000', 0),
	(129, '13:30:00.000000', 1),
	(129, '13:35:00.000000', 2),
	(129, '13:40:00.000000', 3),
	(129, '13:42:00.000000', 4),
	(129, '13:45:00.000000', 5),
	(129, '13:47:00.000000', 6),
	(129, '13:49:00.000000', 7),
	(129, '13:51:00.000000', 8),
	(129, '13:53:00.000000', 9),
	(129, '13:55:00.000000', 10),
	(129, '13:57:00.000000', 11),
	(129, '14:00:00.000000', 12),
	(129, '14:03:00.000000', 13),
	(129, '14:04:00.000000', 14),
	(129, '14:05:00.000000', 15),
	(130, '07:20:00.000000', 0),
	(130, '07:21:00.000000', 1),
	(130, '07:22:00.000000', 2),
	(130, '07:24:00.000000', 3),
	(130, '07:26:00.000000', 4),
	(130, '07:27:00.000000', 5),
	(130, '07:29:00.000000', 6),
	(130, '07:31:00.000000', 7),
	(130, '07:33:00.000000', 8),
	(130, '07:34:00.000000', 9),
	(130, '07:36:00.000000', 10),
	(130, '07:38:00.000000', 11),
	(130, '07:40:00.000000', 12),
	(130, '07:42:00.000000', 13),
	(130, '07:43:00.000000', 14),
	(130, '07:45:00.000000', 15),
	(131, '08:25:00.000000', 0),
	(131, '08:23:00.000000', 1),
	(131, '08:22:00.000000', 2),
	(131, '08:20:00.000000', 3),
	(131, '08:18:00.000000', 4),
	(131, '08:16:00.000000', 5),
	(131, '08:14:00.000000', 6),
	(131, '08:12:00.000000', 7),
	(131, '08:10:00.000000', 8),
	(131, '08:05:00.000000', 9),
	(131, '08:03:00.000000', 10),
	(131, '08:02:00.000000', 11),
	(131, '07:59:00.000000', 12),
	(131, '07:57:00.000000', 13),
	(131, '07:55:00.000000', 14),
	(131, '07:53:00.000000', 15),
	(131, '07:52:00.000000', 16),
	(131, '07:50:00.000000', 17),
	(132, '11:00:00.000000', 0),
	(132, '11:02:00.000000', 1),
	(132, '11:03:00.000000', 2),
	(132, '11:05:00.000000', 3),
	(132, '11:07:00.000000', 4),
	(132, '11:09:00.000000', 5),
	(132, '11:11:00.000000', 6),
	(132, '11:13:00.000000', 7),
	(132, '11:15:00.000000', 8),
	(132, '11:17:00.000000', 9),
	(132, '11:19:00.000000', 10),
	(132, '11:20:00.000000', 11),
	(132, '11:24:00.000000', 12),
	(132, '11:25:00.000000', 13),
	(132, '11:27:00.000000', 14),
	(132, '11:29:00.000000', 15),
	(132, '11:30:00.000000', 16),
	(132, '11:32:00.000000', 17),
	(133, '11:35:00.000000', 0),
	(133, '11:37:00.000000', 1),
	(133, '11:38:00.000000', 2),
	(133, '11:40:00.000000', 3),
	(133, '11:42:00.000000', 4),
	(133, '11:44:00.000000', 5),
	(133, '11:47:00.000000', 6),
	(133, '11:48:00.000000', 7),
	(133, '11:50:00.000000', 8),
	(133, '11:52:00.000000', 9),
	(133, '11:55:00.000000', 10),
	(133, '11:56:00.000000', 11),
	(133, '11:57:00.000000', 12),
	(133, '11:58:00.000000', 13),
	(133, '11:59:00.000000', 14),
	(133, '12:00:00.000000', 15),
	(134, '06:30:00.000000', 0),
	(134, '06:31:00.000000', 1),
	(134, '06:32:00.000000', 2),
	(134, '06:34:00.000000', 3),
	(134, '06:35:00.000000', 4),
	(134, '06:36:00.000000', 5),
	(134, '06:39:00.000000', 6),
	(134, '06:40:00.000000', 7),
	(134, '06:41:00.000000', 8),
	(134, '06:42:00.000000', 9),
	(134, '06:44:00.000000', 10),
	(134, '06:45:00.000000', 11),
	(134, '06:48:00.000000', 12),
	(134, '06:50:00.000000', 13),
	(134, '06:51:00.000000', 14),
	(134, '06:53:00.000000', 15),
	(134, '06:55:00.000000', 16),
	(135, '06:55:00.000000', 0),
	(135, '06:58:00.000000', 1),
	(135, '07:02:00.000000', 2),
	(135, '07:08:00.000000', 3),
	(135, '07:10:00.000000', 4),
	(135, '07:12:00.000000', 5),
	(135, '07:18:00.000000', 6),
	(135, '07:20:00.000000', 7),
	(135, '07:22:00.000000', 8),
	(135, '07:24:00.000000', 9),
	(135, '07:26:00.000000', 10),
	(135, '07:30:00.000000', 11),
	(135, '07:35:00.000000', 12),
	(135, '07:38:00.000000', 13),
	(135, '07:40:00.000000', 14),
	(135, '07:42:00.000000', 15),
	(135, '07:44:00.000000', 16),
	(135, '07:45:00.000000', 17),
	(135, '07:48:00.000000', 18),
	(135, '07:50:00.000000', 19),
	(136, '13:50:00.000000', 0),
	(136, '13:52:00.000000', 1),
	(136, '13:55:00.000000', 2),
	(136, '13:58:00.000000', 3),
	(136, '14:00:00.000000', 4),
	(136, '14:02:00.000000', 5),
	(136, '14:05:00.000000', 6),
	(136, '14:07:00.000000', 7),
	(136, '14:09:00.000000', 8),
	(136, '14:10:00.000000', 9),
	(136, '14:12:00.000000', 10),
	(136, '14:14:00.000000', 11),
	(136, '14:16:00.000000', 12),
	(136, '14:18:00.000000', 13),
	(136, '14:20:00.000000', 14),
	(136, '14:26:00.000000', 15),
	(136, '14:28:00.000000', 16),
	(137, '14:30:00.000000', 0),
	(137, '14:32:00.000000', 1),
	(137, '14:34:00.000000', 2),
	(137, '14:36:00.000000', 3),
	(137, '14:38:00.000000', 4),
	(137, '14:40:00.000000', 5),
	(137, '14:42:00.000000', 6),
	(137, '14:44:00.000000', 7),
	(137, '14:46:00.000000', 8),
	(137, '14:48:00.000000', 9),
	(137, '14:50:00.000000', 10),
	(137, '14:52:00.000000', 11),
	(137, '14:54:00.000000', 12),
	(137, '14:56:00.000000', 13),
	(137, '14:58:00.000000', 14),
	(137, '15:00:00.000000', 15),
	(137, '15:03:00.000000', 16),
	(137, '15:06:00.000000', 17),
	(137, '15:08:00.000000', 18),
	(138, '16:00:00.000000', 0),
	(138, '16:02:00.000000', 1),
	(138, '16:03:00.000000', 2),
	(138, '16:05:00.000000', 3),
	(138, '16:07:00.000000', 4),
	(138, '16:09:00.000000', 5),
	(138, '16:11:00.000000', 6),
	(138, '16:13:00.000000', 7),
	(138, '16:19:00.000000', 8),
	(138, '16:20:00.000000', 9),
	(138, '16:24:00.000000', 10),
	(138, '16:25:00.000000', 11),
	(138, '16:27:00.000000', 12),
	(138, '16:29:00.000000', 13),
	(138, '16:30:00.000000', 14),
	(138, '16:31:00.000000', 15),
	(138, '16:32:00.000000', 16),
	(138, '16:33:00.000000', 17),
	(138, '16:35:00.000000', 18),
	(139, '16:35:00.000000', 0),
	(139, '16:37:00.000000', 1),
	(139, '16:40:00.000000', 2),
	(139, '16:41:00.000000', 3),
	(139, '16:44:00.000000', 4),
	(139, '16:46:00.000000', 5),
	(139, '16:50:00.000000', 6),
	(139, '16:53:00.000000', 7),
	(139, '16:55:00.000000', 8),
	(139, '17:00:00.000000', 9),
	(139, '17:02:00.000000', 10),
	(139, '17:05:00.000000', 11),
	(139, '17:06:00.000000', 12),
	(139, '17:07:00.000000', 13),
	(139, '17:08:00.000000', 14),
	(139, '17:09:00.000000', 15),
	(139, '17:10:00.000000', 16);

-- Dumping structure for table anyksciaibus.users
CREATE TABLE IF NOT EXISTS `users` (
  `id` bigint NOT NULL AUTO_INCREMENT,
  `email` varchar(50) DEFAULT NULL,
  `password` varchar(120) DEFAULT NULL,
  `username` varchar(20) DEFAULT NULL,
  PRIMARY KEY (`id`),
  UNIQUE KEY `UKr43af9ap4edm43mmtq01oddj6` (`username`),
  UNIQUE KEY `UK6dotkott2kjsp8vw4d0m25fb7` (`email`)
) ENGINE=InnoDB AUTO_INCREMENT=2 DEFAULT CHARSET=utf8mb4 COLLATE=utf8mb4_0900_ai_ci;

-- Dumping data for table anyksciaibus.users: ~0 rows (approximately)
INSERT INTO `users` (`id`, `email`, `password`, `username`) VALUES
	(1, 'hey@ho.com', '$2a$10$EexmzyAa8OunVGCle0ZvpuvD8zwSwS/83V6No.wM.G8rCFGssgjjK', 'anyksciaibus');

-- Dumping structure for table anyksciaibus.user_roles
CREATE TABLE IF NOT EXISTS `user_roles` (
  `user_id` bigint NOT NULL,
  `role_id` int NOT NULL,
  PRIMARY KEY (`user_id`,`role_id`),
  KEY `FKh8ciramu9cc9q3qcqiv4ue8a6` (`role_id`),
  CONSTRAINT `FKh8ciramu9cc9q3qcqiv4ue8a6` FOREIGN KEY (`role_id`) REFERENCES `roles` (`id`),
  CONSTRAINT `FKhfh9dx7w3ubf1co1vdev94g3f` FOREIGN KEY (`user_id`) REFERENCES `users` (`id`)
) ENGINE=InnoDB DEFAULT CHARSET=utf8mb4 COLLATE=utf8mb4_0900_ai_ci;

-- Dumping data for table anyksciaibus.user_roles: ~3 rows (approximately)
INSERT INTO `user_roles` (`user_id`, `role_id`) VALUES
	(1, 1),
	(1, 2),
	(1, 3);

/*!40103 SET TIME_ZONE=IFNULL(@OLD_TIME_ZONE, 'system') */;
/*!40101 SET SQL_MODE=IFNULL(@OLD_SQL_MODE, '') */;
/*!40014 SET FOREIGN_KEY_CHECKS=IFNULL(@OLD_FOREIGN_KEY_CHECKS, 1) */;
/*!40101 SET CHARACTER_SET_CLIENT=@OLD_CHARACTER_SET_CLIENT */;
/*!40111 SET SQL_NOTES=IFNULL(@OLD_SQL_NOTES, 1) */;
